Date,Close,EMA9,EMA21,RSI,RSI_MA
,,,,,
2015-09-01,294.8592834472656,294.8592834472656,294.8592834472656,,
2015-09-02,293.0238342285156,294.4921936035156,294.69242442737925,,
2015-09-03,296.01171875,294.7960986328125,294.81236027489024,,
2015-09-04,298.7861328125,295.59410546875006,295.17361232376385,,
2015-09-07,296.3104553222656,295.7373754394532,295.27696168726396,,
2015-09-08,296.8653869628906,295.96297774414074,295.4213639850482,,
2015-09-09,302.627685546875,297.29591930468763,296.0764841270324,,
2015-09-10,299.1703186035156,297.67079916445323,296.3577418067127,,
2015-09-11,297.6763610839844,297.6719115483595,296.47761628646464,,
2015-09-14,302.3289489746094,298.6033190336095,297.0095556217505,,
2015-09-15,299.6398010253906,298.81061543196574,297.24866884026324,,
2015-09-16,306.89605712890625,300.4277037713539,298.1257041392308,,
2015-09-18,304.6764831542969,301.2774596479425,298.72122950423676,62.86336023646606,
2015-09-21,300.7496032714844,301.1718883726509,298.9056271194411,56.99788555915213,
2015-09-22,293.4933166503906,299.63617402819887,298.41359889498193,48.615837344188925,
2015-09-23,288.4566650390625,297.4002722303716,297.5084230898983,45.65395040769353,
2015-09-24,284.2309875488281,294.76641529406294,296.3013834952556,39.04764120457193,50.635734950414516
2015-09-28,279.663818359375,291.7458959071254,294.78887757381193,32.7957721420005,44.622217331521405
2015-09-29,275.4381408691406,288.4843448995284,293.0297196915691,31.794583498366705,39.581556919364324
2015-09-30,288.4140014648437,288.4702762125915,292.6101089436849,43.94125885998043,38.64664122252262
2015-10-01,289.7799072265625,288.7322024153857,292.352817878492,40.16987366883414,37.54982587475074
2015-10-05,295.5848388671875,290.10272970574607,292.64663796837334,47.35180078628451,39.210657791093254
2015-10-06,297.8044128417969,291.6430663329562,293.11552659323,50.09357474249105,42.67021831119136
2015-10-07,292.5116577148437,291.81678460933375,293.0606294224676,42.89244311289924,44.88979023409787
2015-10-08,291.5726013183594,291.7679479511389,292.925354140276,44.0076293655313,44.90306433520804
2015-10-09,296.7373352050781,292.7618254019268,293.2718978734398,42.21204565138762,45.31149873171874
2015-10-12,298.3592834472656,293.88131701099456,293.7343874710603,45.112274918892886,44.863593558240424
2015-10-13,294.90191650390625,294.0854369095769,293.84052647404627,45.4424325166434,43.933365113070884
2015-10-14,295.62750244140625,294.3938500159428,294.00297883471535,51.85185577487824,45.725247645466695
2015-10-15,299.8532409667969,295.48572820611366,294.5348208467227,60.03008140780988,48.92973805392241
2015-10-16,298.4873046875,296.08604350239096,294.89413755952063,63.21197891065537,53.129724705775956
2015-10-19,310.48150634765625,298.965136071444,296.31117108571476,75.10431188956662,59.1281320999107
2015-10-20,308.9021911621094,300.9525470895771,297.4558092744779,78.4883298000582,65.73731155659365
2015-10-21,317.1401062011719,304.1900589118961,299.2452908132682,76.6007255948233,70.68708552058267
2015-10-23,306.5545959472656,304.66296631897,299.909773098177,63.2680558941593,71.33468041785257
2015-10-26,300.6642761230469,303.8632282797854,299.97836428225605,54.01219643305678,69.49472392233284
2015-10-27,301.04840087890625,303.3002627996096,300.075640336497,52.63891157651501,65.00164385972252
2015-10-28,305.8716125488281,303.8145327494533,300.6025469012543,60.951686685682574,61.494315236847385
2015-10-29,303.3959655761719,303.73081931479703,300.8564940535195,59.453918285396924,58.06495377496211
2015-10-30,297.9751892089844,302.5796932936345,300.5945572494708,50.98574722565694,55.60849204126164
2015-11-02,298.9141845703125,301.8465915489701,300.44179609682004,50.44674687783317,54.89540213021693
2015-11-03,296.780029296875,300.8332790985511,300.1089082059159,51.54497245047663,54.67661430500925
2015-11-04,295.712890625,299.8092014038409,299.7092702440144,50.069849486588794,52.50024686519049
2015-11-05,287.30419921875,297.30820096682277,298.58153651444496,40.39211288140582,48.687885784392265
2015-11-06,289.5664367675781,295.75984812697385,297.7619819920025,43.26241232831562,47.143218804924004
2015-11-09,286.19439697265625,293.8467578961103,296.71038335388016,28.910145517451923,42.835898532847764
2015-11-10,283.1212463378906,291.7016555844664,295.4750072615175,28.179078323777958,38.16271970750803
2015-11-13,285.0419616699219,290.3697168015575,294.5265485713724,19.57909033904619,32.0645678779995
2015-11-16,286.62127685546875,289.6200288123398,293.80788750629023,27.21933403412487,29.430012108543316
2015-11-17,285.5541381835937,288.80685068659056,293.05754665877237,30.59186826919077,26.89590329671834
2015-11-18,285.0846252441406,288.0624055981006,292.33273562107854,29.540297050382165,27.021933603304387
2015-11-19,289.8652648925781,288.42297745699614,292.1084201003058,29.463325016797526,27.278782941908304
2015-11-20,291.40185546875,289.0187530593469,292.04418695198257,34.23118063429473,30.20920100095801
2015-11-23,289.39569091796875,289.0941406310713,291.803414585254,37.60778550541165,32.28689129521537
2015-11-24,291.5726013183594,289.58983276852894,291.78243156099086,39.76194954876127,34.12090755112947
2015-11-26,292.0848083496094,290.088827884745,291.8099203599562,43.14214930700731,36.8412780024545
2015-11-27,292.12744140625,290.496550589046,291.8387859096193,44.60151926466561,39.868916852028114
2015-11-30,285.4261169433594,289.4824638599087,291.25581600359567,47.0189718962499,42.42647510441915
2015-12-01,275.5235595703125,286.69068300198944,289.8256108732972,32.061121078086245,41.31714221895407
2015-12-02,275.6515197753906,284.4828503566697,288.53705713712384,35.31502626529522,40.42775756226085
2015-12-03,272.7917785644531,282.14463599822636,287.1056681759719,35.52623251692931,38.904574204245264
2015-12-04,274.2856750488281,280.5728438083467,285.9402142553225,34.74570842941327,36.933412037194785
2015-12-07,273.26129150390625,279.1105333474586,284.7875849142846,30.750221615612986,33.67966198106741
2015-12-08,271.3404846191406,277.556523601795,283.5651212510897,30.011921958806198,33.2698221572114
2015-12-09,265.36474609375,275.118168100186,281.91054169133156,25.98741736374076,31.404300376900505
2015-12-10,266.9013671875,273.47480791764883,280.5460712818923,19.63855859200052,28.22676559191475
2015-12-11,264.2550048828125,271.6308473106816,279.0650652456123,15.13135304216938,24.30389451446597
2015-12-14,261.3525085449219,269.5751795575297,277.45483281827677,14.79078364462454,21.11200692026828
2015-12-15,263.9561462402344,268.45137289407063,276.2276794930002,15.694156752019069,18.248453878910855
2015-12-16,273.47467041015625,269.45603239728774,275.9774059400144,31.10902249816145,19.272774905794993
2015-12-17,275.2247009277344,270.60976610337707,275.9089782116253,33.41700643895686,22.02846447518626
2015-12-18,272.36492919921875,270.9607987225454,275.58679193777016,36.14124891280485,26.230443649313354
2015-12-21,273.9442138671875,271.55748175147386,275.43746665862625,47.964721631872294,32.8652312467629
2015-12-22,275.9076843261719,272.42752226641346,275.4802137193122,50.31520367700073,39.789440631759234
2015-12-23,283.7187805175781,274.6857739166464,276.22917433733636,61.98500970031451,45.96463807218985
2015-12-24,288.9262084960937,277.5338608325359,277.38345016995066,64.8485159871763,52.25093998183373
2015-12-28,283.20654296875,278.6683972597787,277.9128222425688,59.209430138144576,56.86457622690168
2015-12-29,286.19439697265625,280.17359720235424,278.6656926725767,63.48835623916809,59.96930314836084
2015-12-30,284.3590393066406,281.01068562321154,279.1832696393098,68.65052657948378,63.63636772885745
2015-12-31,290.5908508300781,282.9267186645849,280.2203224748342,71.2970609360691,65.49877797600837
2016-01-01,290.6762390136719,284.4766227344023,281.1708603420012,74.89946984037697,67.50896874664849
2016-01-04,278.9808654785156,283.37747128322496,280.97176989986616,64.25119581103475,68.51732188122654
2016-01-05,276.1211242675781,281.9262018800956,280.5308021151127,59.793911697501315,67.77843297289317
2016-01-06,275.0539855957031,280.55175862321715,280.03290970425724,51.47177516829104,64.34268269065464
2016-01-07,275.1820373535156,279.47781436927687,279.59192130873527,49.95900211499819,60.075070926440446
2016-01-08,276.4625244140625,278.874756378234,279.3074306819468,54.06087286839712,55.90735153204448
2016-01-11,274.1576232910156,277.93132976079033,278.83926637368035,50.208498186933404,53.09881200722422
2016-01-12,269.2489624023437,276.19485628910104,277.96742055810427,43.84852334450327,49.9097343366246
2016-01-13,263.44403076171875,273.6446911836246,276.64711239479647,30.54873539244025,45.725126381454444
2016-01-14,263.5720520019531,271.63016334729036,275.4584705409016,23.048930106058393,40.34311197966649
2016-01-15,261.3097839355469,269.5660874649417,274.17222630405115,24.87750598902403,34.50643860379187
2016-01-18,256.3157958984375,266.9160291516408,272.54891444899533,17.22840123553489,27.910419213512164
2016-01-19,264.8952331542969,266.51186995217205,271.85312524038636,31.40289347289061,25.421293239189634
2016-01-20,264.2976989746094,266.0690357566595,271.1662683071339,21.846415864775054,23.680829333656597
2016-01-21,264.0415954589844,265.6635476971245,270.51857077548397,21.58464465666401,23.387972243777718
2016-01-22,254.99261474609372,263.5293611069184,269.10712022735754,22.876393452352602,22.98774973644343
2016-01-25,253.9682159423828,261.6171320740113,267.7308562014507,23.866982367301148,24.315465962796686
2016-01-27,254.2243194580078,260.13856955081064,266.50298922477407,24.948606852052706,23.024608638629104
2016-01-28,248.76080322265625,257.8630162851798,264.8900632245815,21.83797674229487,23.022920814133066
2016-01-29,247.48028564453125,255.7864701570501,263.3073561718497,19.108257878664475,22.527643458533163
2016-02-01,253.1999053955078,255.26915720474167,262.38849701036406,29.177247449166003,23.787814257895842
2016-02-02,257.9804992675781,255.81142561730897,261.98776994283804,38.775539982113614,26.769525780858334
2016-02-03,255.93167114257807,255.83547472236282,261.4372155064508,41.91174199585602,30.162152809619
2016-02-04,259.73046875,256.61447352789025,261.2820567104098,46.16690224947581,35.02793791105519
2016-02-05,262.2488098144531,257.74134078520285,261.3699433562319,50.93218808810859,41.392723952944
2016-02-08,265.49285888671875,259.2916444055061,261.7447538590034,59.43815612061193,47.44490568723319
2016-02-09,266.5599670410156,260.745308932608,262.1825005119136,52.025002375804796,50.094798165971426
2016-02-10,265.7489013671875,261.7460274195239,262.5067187714839,51.75613722931158,52.06367721266254
2016-02-11,263.5293884277344,262.10269962116604,262.59968874023394,49.408283189235156,52.711953400614405
2016-02-12,277.0601501464844,265.09418972622973,263.91427614080214,73.10097405605374,57.14571059420344
2016-02-15,272.23681640625,266.52271506223383,264.6708707103883,67.71512708567792,58.80110478721664
2016-02-16,269.1636047363281,267.0508929970527,265.07930107638276,63.736198365844956,61.14334398522467
2016-02-17,272.7917785644531,268.19907011053283,265.78043539348005,72.86751514003987,65.36561956737033
2016-02-18,274.2003479003906,269.3993256685044,266.54588198501733,75.36459525306275,70.55688198013584
2016-02-19,278.3406066894531,271.1875818726942,267.61812968542057,74.60307220900692,70.85730161072648
2016-02-22,280.9443359375,273.1389326856554,268.82960298106417,73.47284965539954,72.00884612467081
2016-02-23,274.2856750488281,273.36828115828996,269.3256095326791,67.14507909683763,72.69062227086934
2016-02-24,276.5478820800781,274.0042013426476,269.9821797642608,66.1740164066742,71.35192252419621
2016-02-25,275.352783203125,274.2739177147431,270.4704164405212,62.93178895504498,68.86536126459265
2016-02-26,271.4258728027344,273.70430873234136,270.5572761098133,55.77719124849711,65.10018507249069
2016-02-29,269.3343505859375,272.8303171030606,270.44610106218823,52.6486764920966,60.93535043983011
2016-03-01,273.77349853515625,273.01895338947975,270.748591741549,57.1646783401379,58.939270288490164
2016-03-02,278.5967102050781,274.1345047525994,271.4620570564153,62.85502420897726,58.27547184895077
2016-03-03,284.6151123046875,276.23062626301703,272.6577893517128,57.39342502704282,57.16779906335033
2016-03-04,281.0723876953125,277.1989785494761,273.42275283749456,58.868948937468524,57.78615060114462
2016-03-08,282.9931945800781,278.35782175559655,274.2927929959112,64.210597614759,60.0985348256771
2016-03-09,285.6395874023437,279.814174884946,275.32431976013237,63.47362000024319,61.360323157698154
2016-03-10,287.0907897949219,281.26949786694115,276.39399885420414,63.50625248609386,61.49056881312147
2016-03-11,287.9017944335937,282.5959571802717,277.4401620886941,60.7692810075587,62.16574000922465
2016-03-14,290.8896484375,284.2546954317174,278.66284266585825,61.1058402717572,62.61311827608239
2016-03-15,292.7250366210937,285.94876366959267,279.941223934516,73.07696714568229,64.38639218226704
2016-03-16,288.9689025878906,286.55279145325227,280.7619219939137,64.98465498757088,64.68859917973258
2016-03-17,290.8896484375,287.4201628501018,281.68262439787605,68.42107167513106,65.67156301754002
2016-03-18,293.920166015625,288.7201634832064,282.7951281813078,77.24925896542783,68.96755860911387
2016-03-21,301.902099609375,291.3565507084401,284.53212558385934,84.52499420906139,73.65138939657469
2016-03-22,299.554443359375,292.9961292386271,285.89779083617896,78.59848177096035,74.7556923216303
2016-03-23,305.7862854003906,295.5541604709798,287.7058357965618,79.24704328289819,77.60816998069576
2016-03-28,298.61541748046875,296.1664118728776,288.6976159496443,64.69537563440724,76.863030772551
2016-03-29,302.627685546875,297.45866660767706,289.96398591302886,72.40460523811583,75.8941000270886
2016-03-30,302.0300598144531,298.3729452490323,291.06090172224924,70.34660331103628,73.05842184748357
2016-03-31,299.4690856933594,298.5921733378977,291.82528208325925,64.80800713662528,70.30032692061657
2016-04-01,286.3651428222656,296.1467672347713,291.32890578680525,49.37818127043702,64.32655451812433
2016-04-04,297.50567626953125,296.4185490417233,291.89043037614397,56.99193494634412,62.785866380511706
2016-04-05,282.13946533203125,293.5627322997849,291.00397900849737,44.60242674875303,57.22543068263915
2016-04-06,285.5541381835937,291.96101347654667,290.50853893350614,45.66114954719932,52.288339929871746
2016-04-07,282.7797241210937,290.1247556054561,289.805919405105,46.210128772688414,48.56876425708438
2016-04-08,285.6395874023437,289.2277219648336,289.4271619503085,46.82174002685465,48.05747600836791
2016-04-11,297.2922058105469,290.84061873397627,290.1421659376029,51.84839343086379,47.02876770527185
2016-04-12,298.87158203125,292.44681139343106,290.93574921884357,48.21340928946569,47.75096421341438
2016-04-13,299.8532409667969,293.92809730810427,291.7464302868393,50.17903464286511,48.65454123254753
2016-04-18,306.8106994628906,296.50461773906153,293.115909302844,50.60852074060861,49.534219626131566
2016-04-20,304.4631042480469,298.0963150408586,294.1474724796806,53.68477932706822,50.90682748617428
2016-04-21,304.97528076171875,299.4721081850306,295.1318186871386,51.54754279350325,50.846657358702174
2016-04-22,301.4325561523437,299.86419777849324,295.70461300215726,49.620845499624465,51.12814460073393
2016-04-25,306.4265441894531,301.1766670606852,296.6793340191841,54.28271292962946,51.948880258086795
2016-04-26,307.66436767578125,302.4742071837044,297.67797344251113,65.35386578377128,54.897949266719344
2016-04-27,318.4633483886719,305.67203542469787,299.56755298307115,65.18241465348265,57.197476332002225
2016-04-28,318.1645812988281,308.1705445995239,301.2581919208672,83.38619256825736,63.56520628695305
2016-04-29,310.3960876464844,308.615653208916,302.0889097141051,71.30310394442702,67.90165797591355
2016-05-02,305.44482421875,307.9814874108828,302.393992850891,68.736818204753,70.79247903093827
2016-05-03,314.4510498046875,309.2753998896437,303.49008893759975,71.62076375987951,72.04585862615991
2016-05-04,308.5606994628906,309.1324598042931,303.951053530808,59.256670640957104,70.8607098236548
2016-05-05,302.5423278808594,307.81443341960636,303.8229875626309,52.81042532441284,64.7455563748859
2016-05-06,306.5545959472656,307.5624659251382,304.0713155975977,54.903204197834086,61.46557642556731
2016-05-09,313.1278991699219,308.6755525740949,304.89464137689987,54.6482582448526,58.64786443358722
2016-05-10,314.8778686523437,309.9160157897447,305.8022074928493,57.7312819341763,55.86996806844659
2016-05-11,306.38385009765625,309.20958265132697,305.8550840932863,50.934851261510445,54.20560419255726
2016-05-12,309.11553955078125,309.1907740312178,306.1514891348767,55.154599492557935,54.67443902618627
2016-05-13,302.9691772460937,307.946454674193,305.8621880540783,47.715735017116174,53.23694519004268
2016-05-16,301.7313232421875,306.7034283877919,305.4866548893609,46.080068908393926,51.523307322750966
2016-05-17,299.810546875,305.32485208523354,304.97064506987357,36.03826226316222,47.184703388548144
2016-05-18,299.8532409667969,304.2305298615462,304.5054265150484,36.24110411272264,44.24595395879057
2016-05-19,294.3470764160156,302.25383917244005,303.58194014240905,37.51658065771919,40.71835019182283
2016-05-20,291.9140319824219,300.1858777344364,302.52122121877386,39.046215313068664,38.984446251013324
2016-05-23,295.243408203125,299.1973838281741,301.8596018537149,32.87669071308939,36.34377061195242
2016-05-24,294.64581298828125,298.2870696601956,301.2038028659482,36.30248960436814,36.396616080193596
2016-05-25,300.1947021484375,298.668596157844,301.11206643708357,47.667489176885375,38.681893093026154
2016-05-26,301.2191162109375,299.1787001684627,301.12179823470666,44.364265355606385,40.05143003260359
2016-05-27,299.8532409667969,299.31360832812953,301.0064748467148,34.24512160315946,39.09121129062175
2016-05-30,303.8227844238281,300.2154435472693,301.26250299008876,37.53606683158953,40.023086514321776
2016-05-31,299.9813232421875,300.1686194862529,301.14603210391596,41.93549875072074,41.1496883435923
2016-06-01,310.0973815917969,302.1543719073617,301.9597911482687,51.04273553027411,41.82473761427004
2016-06-02,312.6156921386719,304.2466359536237,302.92850942012353,61.100182113542566,45.171920965857275
2016-06-03,305.7435913085937,304.54602702461773,303.184425955439,54.086952737400935,49.14028719270557
2016-06-06,297.7190856933594,303.18063875836606,302.6875768407045,48.10521839768157,51.254117505923986
2016-06-07,298.0604858398437,302.1566081746616,302.26693220426256,48.38457752075473,52.54393325993078
2016-06-08,301.04840087890625,301.93496671551054,302.15615662923017,56.32552627500595,53.600491408877154
2016-06-09,299.8532409667969,301.51862156576783,301.94680065991804,57.673312592099684,52.91511750458858
2016-06-10,299.7251892089844,301.15993509441114,301.74483598256046,54.61741474577006,53.0212099062624
2016-06-13,292.2981872558594,299.3875855267008,300.8860497346785,47.87969961285713,52.976106149297514
2016-06-14,292.5116577148437,298.0123999643294,300.124741369239,42.320836393716974,51.76335792388996
2016-06-15,300.4081115722656,298.49154228591664,300.1505022967869,49.28730843145637,50.35571435518004
2016-06-16,295.7983093261719,297.9528956939677,299.7548483903674,46.62882578240916,48.14681699324194
2016-06-17,304.7618408203125,299.31468471923665,300.2100295203624,50.72085144383468,47.367504332854864
2016-06-20,311.1644287109375,301.6846335175768,301.2058839922328,58.259755106898425,49.443515431663116
2016-06-21,309.20098876953125,303.1879045679677,301.93271169926,49.247281958291836,50.8288045445781
2016-06-22,309.92657470703125,304.5356385957804,302.6594265181483,47.6718004000243,50.505702938291684
2016-06-23,311.4205627441406,305.91262342545247,303.4558934477839,55.41976103557085,52.26388998892402
2016-06-24,303.7801513671875,305.4861290137995,303.48537144045696,55.82920327852878,53.28556035586284
2016-06-27,299.7678527832031,304.34247376768025,303.14741519888844,51.533755113476595,51.94036035717848
2016-06-28,304.8472595214844,304.4434309184411,303.3019465009426,53.28898731815993,52.748701429152085
2016-06-29,304.0789489746094,304.3705345296748,303.37258308945775,53.68578857370406,53.951499063888036
2016-06-30,313.1278991699219,306.1220074577242,304.2594300058636,60.115979737635925,54.890742804301055
2016-07-01,314.4510498046875,307.78781592711687,305.1859408966658,68.41731901093665,57.408365950782624
2016-07-04,318.7194519042969,309.9741431225529,306.41626007917773,70.41222484472938,61.184059897033194
2016-07-05,312.35955810546875,310.4512261191361,306.9565598997496,59.536779764615346,62.43361838632427
2016-07-07,310.1827087402344,310.3975226433558,307.2498461579755,61.94185796691381,64.08483226496622
2016-07-08,303.09716796875,308.93745170843465,306.872329958955,48.57351616706085,61.776339550851205
2016-07-11,307.1948547363281,308.5889323140134,306.9016503932616,46.45851472980162,57.3845786946242
2016-07-12,310.1400146484375,308.8991487808982,307.19604714373213,50.82333662989079,53.466801051656475
2016-07-13,310.48150634765625,309.21562029424985,307.49472525317975,50.48986277161469,51.65741765305635
2016-07-14,313.2558898925781,310.0236742139155,308.01846749312506,51.58431094855284,49.58590824938416
2016-07-15,323.45733642578125,312.7104066562887,309.42200103245744,66.26671497033664,53.12454801003931
2016-07-18,309.58514404296875,312.0853541336247,309.43683221523116,56.978171319243636,55.22847932792772
2016-07-19,310.99371337890625,311.867025982681,309.57836686647437,54.60946972800496,55.98570594755056
2016-07-20,310.225341796875,311.5386891455198,309.63718276923805,54.60941973560805,56.80961734034922
2016-07-21,314.02423095703125,312.0357975078221,310.0360053317647,50.72965011276026,56.63868517319071
2016-07-22,313.5973815917969,312.3481143246171,310.35976680994946,49.294788956021435,53.24429997032767
2016-07-25,317.5243225097656,313.3833559616468,311.0110900553873,49.00710809393758,51.650087325266455
2016-07-26,315.7315368652344,313.8529921423643,311.44022158355517,53.03141956791441,51.33447729324835
2016-07-27,318.0364990234375,314.68969351857896,312.03988316899904,57.044355794534404,51.821464505033624
2016-07-28,317.48162841796875,315.24808049845694,312.5345872825417,64.61401755108318,54.598337992698205
2016-07-29,309.07293701171875,314.0130518011093,312.21989180337596,51.75437746268801,55.09025569403152
2016-08-01,310.73760986328125,313.35796341354376,312.085138899731,50.571914895605524,55.40321705436511
2016-08-02,305.44482421875,311.77533557458503,311.4814739287327,45.59702957829744,53.916339056441714
2016-08-03,306.3411865234375,310.6885057643555,311.01417507370587,43.75008619866904,51.25748513726863
2016-08-04,312.6583557128906,311.08247575406256,311.1636460409045,39.50212205699204,46.23510603845041
2016-08-05,310.73760986328125,311.0135025759063,311.1249154793024,51.45945795536757,46.17612213698632
2016-08-08,300.1093444824219,308.8326709572094,310.1234999341314,38.8256252510372,43.82686420807266
2016-08-09,298.3165283203125,306.72944242983004,309.0501388783297,38.02576087116619,42.312610466646404
2016-08-10,295.7555847167969,304.53467088722346,307.841543045463,31.162017593491782,39.79499674561096
2016-08-11,296.83544921875,302.9948265535288,306.84098906121636,32.9453679202574,38.48364591826403
2016-08-12,298.078125,302.0114862428231,306.0443650556512,29.071031574770927,34.0059606421447
2016-08-16,293.4930114746094,300.3077912891804,304.90333291192013,27.422788882540956,31.725393368445452
2016-08-17,296.2355041503906,299.49333386142246,304.1153484790538,28.06187847747057,29.73261688970633
2016-08-18,302.663330078125,300.12733310476295,303.9833468062421,36.664700286278624,30.833153428263692
2016-08-19,301.1634826660156,300.33456301701347,303.72699552076693,41.87132852218804,32.61834554864983
2016-08-22,300.1350402832031,300.2946584702514,303.40045413553383,38.95918752586015,34.59597673886767
2016-08-23,303.1775817871094,300.871243133623,303.3801930129498,47.52295731416595,38.61601042519267
2016-08-24,302.19195556640625,301.1353856201797,303.27217142690034,45.47564283793749,42.09876329728605
2016-08-25,296.53546142578125,300.21540078130005,302.6597432449804,32.16245179474471,41.19831359897927
2016-08-26,294.7785339355469,299.12802741214944,301.94326967139557,32.27945855717809,39.279939605977276
2016-08-29,293.62158203125,298.0267383359696,301.1867526132005,40.87735574583563,39.66357324997237
2016-08-30,284.4084167480469,295.303074018385,299.661449352732,33.81984232422303,36.922950251983785
2016-08-31,284.2369689941406,293.0898530135361,298.25922386558733,35.81081385889384,34.989984456175065
2016-09-01,266.4105834960937,287.7539991100477,295.3638929229061,23.467891998228623,33.25107249687184
2016-09-02,273.3097229003906,284.86514386811626,293.3589683754047,30.34016670421269,32.86321412627876
2016-09-06,275.5379943847656,282.99971397144617,291.7388798308011,35.19431719467356,31.726606416046348
2016-09-07,274.3810119628906,281.2759735697351,290.1608918428093,31.494941476584472,31.261626246518638
2016-09-08,278.0234069824219,280.62546025227243,289.0574841282286,28.10353646160752,29.72017076706137
2016-09-09,276.0522766113281,279.7108235240836,287.8751925357831,27.87009136570923,30.600610640557495
2016-09-12,272.58123779296875,278.28490637786064,286.4848330137091,26.719751480150478,29.876527595745053
2016-09-14,274.1239013671875,277.452705375726,285.36111195493436,24.814167944876615,27.800497745785663
2016-09-15,276.5665283203125,277.2754699646433,284.5616043517869,28.333340214144656,27.1681774932977
2016-09-16,277.3377685546875,277.2879296826522,283.90489200659607,32.30639329101595,28.008748859179388
2016-09-19,277.8091735839844,277.39217846291865,283.35073578635865,33.98054336602998,29.23083925924353
2016-09-20,273.5668334960937,276.62710946955366,282.4612901236073,32.11002181140269,30.308893325493976
2016-09-21,275.8380126953125,276.4692901147055,281.8591739937623,41.27396641392913,33.60085301930448
2016-09-22,280.2517395019531,277.225779992155,281.713043585416,46.265051281611285,37.187195232797805
2016-09-23,280.2088928222656,277.82240255817715,281.5763026069478,69.39763646769211,44.60544386813304
2016-09-26,274.5524597167969,277.16841398990107,280.9377714351159,51.81028826268873,48.17139284746479
2016-09-27,269.7958984375,275.69391087942086,279.9248738898781,42.20936828463424,50.1912621421111
2016-09-28,275.7523193359375,275.7055925707242,279.54555074861076,51.646147973444755,52.26569845401423
2016-09-29,270.56719970703125,274.6779139979856,278.72933701755807,41.36907810838596,51.28650381936916
2016-09-30,269.1101989746094,273.5643709933104,277.8548699227445,41.867409145705814,45.7804583549719
2016-10-03,273.1383056640625,273.47915792746085,277.4260913537734,50.64419273693334,45.54723924982083
2016-10-04,277.6806640625,274.3194591544687,277.449234327294,53.84619953983417,47.8746055008608
2016-10-05,275.70947265625,274.597461854825,277.2910741753809,49.06365317959161,47.35810654209018
2016-10-06,276.2236633300781,274.92270214987565,277.1940368258079,48.77594745295007,48.839480411003
2016-10-07,273.78106689453125,274.6943750988068,276.88376683205547,45.75810806728512,49.617620195318864
2016-10-10,270.7386779785156,273.90323567474854,276.32512239082456,46.94452448950127,48.87768654583245
2016-10-13,262.896728515625,271.7019342429238,275.10435931126096,37.5206733174421,45.61258130135404
2016-10-14,261.7396850585937,269.7094844060578,273.88938892465484,30.952406371774757,41.990331939790664
2016-10-17,258.2258605957031,267.4127596439869,272.46543180384106,28.888933175153213,38.01292908423129
2016-10-18,262.8110656738281,266.4924208499551,271.5877621556581,38.487465364429035,36.55880054366008
2016-10-19,263.06805419921875,265.8075475198079,270.8132432505272,42.7648851875384,35.722872683267504
2016-10-20,264.9107360839844,265.6281852326432,270.27665168993235,37.20927553179922,35.66059312613892
2016-10-21,265.4678039550781,265.5961089771302,269.83948371403653,43.246297522304594,38.11937135624489
2016-10-24,262.8110656738281,265.0391003164698,269.20053661947213,41.91430518885294,40.724445758984835
2016-10-25,267.22479248046875,265.4762387492696,269.02092351592637,42.48370475071876,41.52369363624278
2016-10-26,272.28131103515625,266.837253206447,269.31732238131093,43.225762975601015,41.6158691938553
2016-10-27,276.9093322753906,268.8516690202357,270.00750509895454,51.411302625467265,44.45627461258891
2016-10-28,273.2668762207031,269.7347104603292,270.30381156456804,46.760552078318085,45.159125523791616
2016-11-01,272.0670471191406,270.2011777920915,270.46410570589285,48.06955579676322,46.39017564537367
2016-11-02,265.3392639160156,269.22879501687635,269.9982109977222,44.384949348769894,46.7704245649839
2016-11-03,264.7821960449219,268.3394752224855,269.5240278201949,52.31090786815074,48.587453543493844
2016-11-04,262.8537902832031,267.242338234629,268.91764258955925,51.34015395967101,48.573223810334596
2016-11-07,261.9111328125,266.17609715020325,268.28068715528116,54.72529588125777,50.16617257092253
2016-11-08,261.3111572265625,265.2031091654751,267.6470935253976,47.85788067520626,50.12383754661114
2016-11-09,257.96875,263.7562373323801,266.76724411399783,43.3071805996597,49.90828379678909
2016-11-10,264.5251159667969,263.9100130592635,266.5634142824341,49.54960413925059,49.35602305100907
2016-11-11,258.3115539550781,262.79032123842643,265.8132451617654,42.61717328309357,47.61142691569357
2016-11-15,259.3828430175781,262.10882559425676,265.22866314865746,46.34362432185063,45.93509260381215
2016-11-16,265.3821105957031,262.7634825945461,265.2426129165707,48.098979863625,45.9833124414959
2016-11-17,254.6691436767578,261.1446148109884,264.2813884402241,33.729214142995815,44.06771915016312
2016-11-18,260.3255920410156,260.9808102569939,263.9217705857506,34.9650088453168,41.15080009137637
2016-11-21,256.6831359863281,260.12127540286076,263.263712894894,34.9650088453168,39.62036720382101
2016-11-22,260.4970092773437,260.19642217775737,263.0121943842076,39.985170337716845,38.34867640699425
2016-11-23,257.5830993652344,259.6737576152528,262.51864029157366,42.81179734763313,37.291239903795876
2016-11-24,259.1685791015625,259.57272191251474,262.2140892742999,44.89476862752934,39.524350800702585
2016-11-25,257.96875,259.2519275300118,261.82814934027266,45.49769924845866,41.63088888133096
2016-11-28,273.2240295410156,262.0463479322126,262.8641384494311,58.249987982245784,46.28788470871675
2016-11-29,278.4090576171875,265.31888986920757,264.27731291922714,61.687170071245646,50.62828465542251
2016-11-30,278.19488525390625,267.89408894614735,265.5425467678343,64.44312771937749,54.954550729771384
2016-12-01,272.7098083496094,268.8572328268398,266.19411600254114,55.9353545708002,57.162667918425555
2016-12-02,273.0526123046875,269.69630872240936,266.8176156663726,61.68480785084785,60.40008963890339
2016-12-05,280.0374755859375,271.764542095115,268.0194211136058,64.96897879959944,61.743887802374125
2016-12-06,281.8372497558594,273.7790836272639,269.27558735381064,62.69844185609461,61.946142159343914
2016-12-07,281.2372741699219,275.2707217357955,270.36301342800255,74.29465142582232,63.91644690063288
2016-12-08,284.9226379394531,277.20110497652706,271.68661565631623,73.33336421304224,67.3960488290813
2016-12-09,284.5369873046875,278.6682814421592,272.8548312607136,78.16303621360734,70.6916945016332
2016-12-12,282.09442138671875,279.3535094310711,273.6947939994413,72.45997722595945,72.18989418690519
2016-12-13,282.8228454589844,280.0473766366538,274.5246168593997,77.49769926003947,75.14974566769416
2016-12-14,276.4808044433594,279.3340621979949,274.70245209430516,67.08976837757052,73.7087690580438
2016-12-15,272.92401123046875,278.0520520044897,274.5407756521382,64.10665760869566,71.86342773717449
2016-12-16,265.8963317871094,275.6209079610137,273.7549171189538,41.81815208013313,64.59445091047965
2016-12-19,261.825439453125,272.86181425943596,272.670419149333,31.010867666072613,56.30462899850228
2016-12-20,259.2970886230469,270.14886913215815,271.4546618287615,29.450095939352792,46.695108334364946
2016-12-21,258.5686340332031,267.8328221123672,270.283204756438,32.848219150498664,39.84679848895057
2016-12-22,250.4696044921875,264.3601785883313,268.4819683687789,26.946638321416202,32.41479463149468
2016-12-23,253.29786682128903,262.1477162349228,267.1015955008253,20.172171448393627,28.085598505146777
2016-12-26,253.769287109375,260.47203040981327,265.8895674652389,17.734193725833038,25.430263717098864
2016-12-27,256.7688903808594,259.7314024040225,265.06041500302257,23.34281109030556,24.20880674728942
2016-12-28,256.6831359863281,259.1217491204836,264.29884418332307,16.615966289540523,20.96235617509779
2016-12-29,259.6828308105469,259.2339654584963,263.87920660397975,22.328291350027897,20.03868678082013
2016-12-30,261.9539794921875,259.77796826523456,263.7041859574532,27.49044994406397,21.502342479954198
2017-01-02,266.53912353515625,261.13019931921895,263.9619075554262,33.24522384394761,24.604548503577114
2017-01-03,260.9255065917969,261.08926077373457,263.6858711041872,33.75115080447928,26.686216446411855
2017-01-04,269.02459716796875,262.6763280525814,264.17120983725823,46.279763117899506,32.618975812083654
2017-01-05,275.1952209472656,265.1801066315183,265.1733926654407,59.01910105574979,39.957137753228025
2017-01-06,274.0382080078125,266.95172690677714,265.9792849692927,62.55496491280908,46.970040746977055
2017-01-09,272.4955444335937,268.06049041214044,266.57167219332007,63.84893480077741,53.090782938343025
2017-01-10,274.338134765625,269.3160192828374,267.2777142453478,66.16865452237954,59.57428368192306
2017-01-11,276.6093139648437,270.7746782192387,268.1260414925747,80.43903777294149,66.40613861293147
2017-01-12,275.795166015625,271.778775778516,268.8232346310338,77.48688932596315,70.09969626697414
2017-01-13,274.42388916015625,272.30779845484403,269.3323850427722,74.69255162812283,72.52721361003688
2017-01-16,273.0526123046875,272.45676122481274,269.67058752112814,70.25579352479696,73.8085853548408
2017-01-17,272.9669494628906,272.5587988724283,269.9702567885611,70.25595354692153,74.6260451597492
2017-01-18,269.02459716796875,271.8519585315364,269.88428773214355,61.35424030955421,70.80908566707174
2017-01-19,271.7670288085937,271.8349725869479,270.05544601182083,61.791959490878206,67.67009970005475
2017-01-20,274.72381591796875,272.4127412531521,270.4798432760161,60.23580095382906,64.778749565196
2017-01-23,273.9525451660156,272.7207020357248,270.79554344783423,68.53677304601126,64.43494546943884
2017-01-24,271.2528076171875,272.4271231520174,270.8371129177754,53.74627496695701,61.13300975344595
2017-01-25,266.839111328125,271.3095207872389,270.47365822780716,35.06882302323983,55.87592629618307
2017-01-27,277.46636962890625,272.5408905555724,271.1093592642707,54.57669987402607,54.43287437281265
2017-01-30,296.2355041503906,277.2798132745361,273.39355425391796,71.70855855981567,56.72742589400997
2017-01-31,298.4209899902344,281.50804861767574,275.6687756844922,71.8848709698711,57.39704547878193
2017-02-01,295.7641906738281,284.35927702890626,277.4956315926136,67.28551151776264,60.10489278894306
2017-02-02,302.7918701171875,288.0457956465625,279.79528964030214,71.90549487121581,67.47222715853826
2017-02-03,303.2204284667969,291.0807222106094,281.92484771543803,73.7289273605958,71.3026726558522
2017-02-06,304.4631042480469,293.7571986180969,283.97378012749334,75.93784949954312,72.1485308437977
2017-02-07,302.663330078125,295.5384249101025,285.67283012300527,73.84728869675604,72.54101438917469
2017-02-08,301.8491516113281,296.8005702503476,287.1434048037619,77.75369487617345,74.63465106085684
2017-02-09,304.4631042480469,298.3330770498875,288.71792293506047,77.7052568318955,75.79460345299279
2017-02-10,306.4342956542969,299.9533207707694,290.32850227317283,77.32654129267928,76.51412623940948
2017-02-13,306.86279296875,301.3352152103655,291.83161960913435,78.52898366307534,77.03235307211591
2017-02-14,316.2045288085937,304.30907793001114,294.047338627267,84.94347754711626,79.25159084218797
2017-02-15,313.0763244628906,306.062527236587,295.77724643050544,86.67575228693784,81.03600232434084
2017-02-16,313.4191589355469,307.533853576379,297.38105665823645,84.07801982603773,82.31055492316929
2017-02-17,316.6758728027344,309.36225742165004,299.1351308531908,77.44537068603805,82.33432080184105
2017-02-20,321.6895751953125,311.8277209763826,301.18553488429274,79.03745832695441,82.43601573461686
2017-02-21,310.9765930175781,311.6574953846217,302.0756310782278,65.80585509143353,78.6084912434803
2017-02-22,309.3910217285156,311.2042006534005,302.74066659189026,57.730861166187736,72.81951301933029
2017-02-23,313.8905639648437,311.7414733156892,303.7542936257951,61.4115297120346,68.28621499652967
2017-02-27,304.8487243652344,310.3629235255982,303.8537873293805,50.353450986227834,62.86783105656762
2017-02-28,312.94775390625,310.87988960172856,304.68051156364135,58.45063923945253,58.75046723906725
2017-03-01,310.890869140625,310.8820855095079,305.24508952518534,57.28082380631982,57.0454609820445
2017-03-02,305.8344116210937,309.8725507318251,305.29866426117695,51.06244937198799,55.71177862320455
2017-03-03,305.2344665527344,308.94493389600694,305.292828105864,49.050226210239266,53.239517922845494
2017-03-06,309.819580078125,309.11986313243057,305.70435101243316,52.196050699015395,53.608037865403006
2017-03-07,309.4767761230469,309.1912457305539,306.0472987497617,44.23219713638814,50.76434944479012
2017-03-08,309.13397216796875,309.17979101803684,306.32790542414415,46.450647896951935,48.59831426291654
2017-03-09,308.7054443359375,309.08492168161695,306.5440453252163,45.7627183739443,47.53836806330781
2017-03-10,312.7335510253906,309.8146475503717,307.10672766159576,46.50461930758008,47.02924668277597
2017-03-14,309.4767761230469,309.74707326490676,307.32218661263676,38.82356555374022,44.35474965372094
2017-03-15,311.27655029296875,310.05296867051914,307.6816742199396,50.32801448616625,45.573913123676554
2017-03-16,309.0910949707031,309.8605939305559,307.80980337909995,49.67626624433268,46.2190367931527
2017-03-17,297.2639465332031,307.3412644510854,306.8510891203821,34.50474253779103,43.96744162592205
2017-03-20,299.449462890625,305.76290413899335,306.17821400858594,44.23086078454006,43.51268992131405
2017-03-21,299.8778991699219,304.5859031451791,305.60545811416193,33.29677607064548,42.407332024695094
2017-03-22,289.8505859375,301.63883970364327,304.17319700719264,27.66148127699779,37.874025382861404
2017-03-23,290.10772705078125,299.33261717307084,302.89451792024613,31.4082795663236,34.220428047259595
2017-03-24,291.8218078613281,297.8304553107223,301.8879079148899,34.55083076377963,34.22964569245731
2017-03-27,290.2790832519531,296.3201808989685,300.8325602182593,25.79621132911933,30.542715801373163
2017-03-28,292.0360107421875,295.4633468676123,300.03287390225273,29.12821906241531,29.70900439972713
2017-03-29,295.54986572265625,295.4806506386211,299.6253277041076,34.890358321226344,31.154779808572847
2017-03-30,300.9920654296875,296.5829335968344,299.7495765882512,42.28128809700062,33.329381514708246
2017-03-31,300.0065002441406,297.26764692629564,299.77293328424116,36.43834101862029,33.70688356567638
2017-04-03,292.9359436035156,296.40130626173965,299.15138876781157,33.699339564762354,35.287509212804984
2017-04-05,295.2499084472656,296.17102669884486,298.79670873867104,34.36452185884272,36.33476977209047
2017-04-06,292.9359436035156,295.52401007977903,298.2639119082023,34.27856973152768,36.21241205415073
2017-04-07,295.4213562011719,295.50347930405763,298.0054977530177,47.808405142687064,37.31783546328803
2017-04-10,296.2783508300781,295.65845360926176,297.8484843963869,46.10515931173193,39.251199121910346
2017-04-11,300.1350402832031,296.55377094405003,298.05635311337016,50.29129623714128,42.56959045638614
2017-04-12,300.6492919921875,297.37287515367757,298.29207482962624,65.5941017301709,48.81550643065177
2017-04-13,291.6075439453125,296.21980891200457,297.6843902037795,51.72754396719966,52.30530127778617
2017-04-17,292.5073547363281,295.4773180768693,297.2137506158294,50.804733252993756,52.90456689984751
2017-04-18,290.3647766113281,294.4548097837611,296.59111661542016,50.09919471413694,53.7033739803285
2017-04-19,291.3504333496094,293.83393449693074,296.11469086398284,49.19197913856668,53.483510560613595
2017-04-20,293.7500915527344,293.81716590809145,295.899727290233,47.821574081256486,49.92900503083071
2017-04-21,293.79296875,293.8123264764732,295.70820378657544,39.97611945372188,47.578720128135146
2017-04-24,295.3785095214844,294.12556308547545,295.67823158065806,43.66197183098591,46.150167843733584
2017-04-25,303.34893798828125,295.97023806603664,296.3755685268056,63.917551844168514,48.91383926973989
2017-04-26,306.4342956542969,298.0630495836887,297.2899982656684,64.646546997316,52.004752841489754
2017-04-27,306.7342224121094,299.79728414937284,298.148564097163,69.07582198565882,56.255602422370224
2017-04-28,304.6773681640625,300.77330095231076,298.7420917396084,62.94968298358346,60.85031512834254
2017-05-02,297.9067687988281,300.19999452161426,298.6661532904465,51.95479070258167,62.508878902661685
2017-05-03,296.83544921875,299.52708546104145,298.499725647565,45.75523661235523,58.87641585629903
2017-05-04,296.53546142578125,298.92876065398946,298.3211561728574,44.678420288024256,54.882790514440686
2017-05-05,295.46417236328125,298.23584299584786,298.06143037198683,56.28486230136943,52.32459857758281
2017-05-08,301.0777893066406,298.80423225800644,298.3356448205917,62.1066072564806,52.15598343216224
2017-05-09,295.8927001953125,298.22192584546764,298.11355894556635,57.19066359782873,53.20315801121164
2017-05-10,319.4612731933594,302.469795315046,300.05426024082027,73.03369775048262,58.65885023883713
2017-05-11,313.67626953125,304.7110901582868,301.29262472176845,65.46908249390776,62.81698268001382
2017-05-12,312.9049987792969,306.34987188248886,302.3482950906346,64.67112300342166,64.49423482042428
2017-05-15,312.0907592773437,307.49804936145983,303.2339736530627,62.982696123637666,64.6694525938557
2017-05-16,320.8325500488281,310.16494949893354,304.8338442344959,63.42107470174632,65.9155348146392
2017-05-17,322.2037658691406,312.57271277297497,306.4129280194636,62.43241656609749,63.795278577762176
2017-05-18,317.7472229003906,313.60761479845814,307.44331846318426,58.14843549604944,62.331149178190515
2017-05-19,319.4612731933594,314.7783464774384,308.5358598022911,60.99427045815907,61.595778669138
2017-05-22,319.2898254394531,315.68064226984137,309.5134930420331,67.63247507929427,62.52573446026931
2017-05-23,318.7328491210937,316.29108364009187,310.3516163219477,68.21107912091472,63.483735344103
2017-05-24,315.6903381347656,316.17093453902663,310.8369546685675,65.23526456188723,64.04430494326094
2017-05-25,317.7043762207031,316.47762287536193,311.46126571876164,67.42788789209139,65.90019542246934
2017-05-26,320.18975830078125,317.2200499604458,312.2547650443998,65.74864670892381,66.85107067262228
2017-05-29,319.7612609863281,317.7282921656223,312.93717376639324,71.34111568364966,67.59279879349336
2017-05-30,317.7043762207031,317.72350897663847,313.37055580769413,47.4471017487597,63.44000331906236
2017-05-31,318.4328308105469,317.8653733434202,313.8307626261353,58.102259294338275,62.01340226555258
2017-06-01,314.4476318359375,317.1818250419236,313.8868416452082,52.36838233709376,59.00150115455305
2017-06-02,319.8898010253906,317.72342023861705,314.4325652252248,60.48394705988055,57.94856122474439
2017-06-05,319.16131591796875,318.0109993744874,314.86245165183783,47.136518268075385,53.107641741629536
2017-06-06,316.2473449707031,317.6582684937306,314.988351044462,40.3067589473015,51.67957318133789
2017-06-07,319.504150390625,318.02744487310946,315.3988782577495,52.975334661193976,50.65418825470904
2017-06-08,315.1332397460937,317.4486038477063,315.37472930214443,43.27563627811787,48.83563904291386
2017-06-09,315.2189025878906,317.0026635957432,315.36056323721226,43.65819799946756,45.47048923083126
2017-06-12,312.9906311035156,316.20025709729765,315.14511486142163,41.49735423435484,44.34265642408715
2017-06-13,311.27655029296875,315.2155157364319,314.79342717338045,43.196748686444884,44.92065437191583
2017-06-14,313.24774169921875,314.82196092898926,314.652910312093,43.12162109969284,42.949911659615594
2017-06-15,313.0763244628906,314.4728336357696,314.5095843258018,38.176594533780694,41.930103310748166
2017-06-16,312.690673828125,314.11640167424065,314.344228826013,38.23104814171776,40.8446733391982
2017-06-19,314.9618225097656,314.2854858413457,314.4003737063542,45.4673655159057,41.638675595508374
2017-06-20,314.19049072265625,314.2664868176078,314.3812934351089,42.99858272332687,41.59904240288478
2017-06-21,314.7904357910156,314.37127661228936,314.41848819473677,50.63692064489279,43.10210231192476
2017-06-22,313.8476867675781,314.26655864334714,314.3665971559041,36.520131157541634,42.77080963667695
2017-06-23,313.8476867675781,314.18278426819336,314.3194234842381,37.747092593661264,42.674018527065655
2017-06-27,318.3471374511719,315.0156549047891,314.68557929941386,54.51207004640205,44.48295943316492
2017-06-28,323.27508544921875,316.667541013675,315.4664434948507,57.5600874176788,47.39526037203531
2017-06-29,327.77459716796875,318.88895224453375,316.5853665560432,75.21377093883918,52.31063043082459
2017-06-30,325.4176940917969,320.1947006139864,317.3883054229299,68.6520498647116,58.73701417225858
2017-07-03,327.4317626953125,321.64211303025166,318.30134699314647,76.61920807339862,66.51143726820605
2017-07-04,325.07489013671875,322.3286684515451,318.9171236425621,74.84558878480021,70.57814101588568
2017-07-05,322.5037536621094,322.36368549365795,319.24318091706635,66.31410108147125,72.32894374864416
2017-07-06,326.7889709472656,323.24874258437956,319.92916182890264,71.1081129834794,71.50781215757222
2017-07-07,330.7313232421875,324.7452587159412,320.9111765028376,75.02959571992541,72.78332132861497
2017-07-10,347.70074462890625,329.3363558985342,323.34659178702566,82.26341871838811,73.91216345761288
2017-07-11,338.9161376953125,331.25231225788986,324.7620050514154,71.04303822191379,73.15165334503558
2017-07-12,340.33026123046875,333.06790205240566,326.17730106769295,71.43884763078279,74.17660265489789
2017-07-13,346.3875427246094,335.7318301868464,328.01459576377624,75.15492606862892,74.98596527192781
2017-07-14,349.69549560546875,338.5245632705709,329.9855866584756,76.3637824519603,75.25280261833478
2017-07-17,350.9413452148437,341.00791965942545,331.8906556181454,75.17578667335474,73.83527620932811
2017-07-18,350.8124389648437,342.96882352050915,333.6108177405725,72.97298673472088,74.22126591188953
2017-07-19,361.9391174316406,346.7628823027354,336.1861177124877,75.66392475664613,75.0662813370622
2017-07-20,360.69329833984375,349.5489655101571,338.4140432240655,76.94839544453123,75.42497521224266
2017-07-21,353.3900451660156,350.3171814413288,339.77549794606097,68.347806354727,73.821779992796
2017-07-24,360.9081115722656,352.4353674675162,341.6966446393523,73.60534081081157,73.50769082028735
2017-07-25,367.5669250488281,355.4616789837786,344.048488312941,78.16858688361722,74.54681085006663
2017-07-26,366.2351684570313,357.61637687842915,346.065459235131,75.60281569509557,74.53458903775652
2017-07-27,357.4712829589844,357.5873580945402,347.1023523009359,66.33345400222424,72.41160074929512
2017-07-28,355.1084899902344,357.09158447367906,347.830182999963,55.50763486429958,69.84356645120963
2017-07-31,359.9629821777344,357.6658640144901,348.93316474339673,66.61951486823924,68.44640126269518
2017-08-01,358.3305358886719,357.79879838932646,349.78747121114895,64.16496919087442,65.64567772414662
2017-08-02,357.2994079589844,357.6989203032581,350.47037455186125,59.32449319778274,62.39001322468405
2017-08-03,364.47369384765625,359.0538750121378,351.7434035787517,61.8456483536268,61.49245209496456
2017-08-04,361.6383666992188,359.57077334955403,352.64294568061234,58.36127421887979,62.0631799658806
2017-08-07,358.6741638183594,359.39145144331513,353.19123823858934,55.884264908298306,59.91612997389241
2017-08-08,358.9748229980469,359.3081257542615,353.7170186712673,47.35221768873633,56.553579673464796
2017-08-09,357.4712829589844,358.9407571952061,354.0583154246961,47.13520453986738,54.11572194188172
2017-08-10,357.6430969238281,358.68122514093056,354.38420465188995,54.330726768070384,52.61273762477043
2017-08-11,356.1824951171875,358.18147913618196,354.5476856032806,44.51093672347066,49.84267012568861
2017-08-14,351.0272521972656,356.75063374839874,354.2276462027338,30.09291432752447,44.68440000953384
2017-08-16,350.3398742675781,355.4684818522346,353.8742123904469,30.567053119116707,41.327367095609915
2017-08-17,357.7290344238281,355.9205923665533,354.22465075711796,50.326077220768866,41.96554163179021
2017-08-18,361.7243347167969,357.081340836602,354.9064402079979,58.037603830975556,42.70691704437125
2017-08-21,360.134765625,357.6920257942817,355.38174251863444,50.22668312928227,43.850066325533575
2017-08-22,362.66943359375,358.68750735417535,356.0442598890995,55.592389658305564,48.94996139168979
2017-08-23,371.089599609375,361.1679258052153,357.4120180454882,64.93029421346485,55.822609610559425
2017-08-24,371.9917907714844,363.33269879846915,358.73745192966965,59.418855834190396,57.64116533324373
2017-08-28,373.2376098632813,365.3136810114316,360.0556481054525,65.13458843017324,59.06056225308326
2017-08-29,367.8247375488281,365.81589231891087,360.7619289639412,61.222470241436945,61.259719675514205
2017-08-30,368.5979614257813,366.372306140285,361.4742955513812,61.66680109486218,62.474601962825524
2017-08-31,367.4809875488281,366.59404242199366,362.02035846024,62.250286837733434,61.93860048767924
2017-09-01,363.0560607910156,365.8864460957981,362.11451321758324,55.999991881480405,61.25482769713724
2017-09-04,357.7720031738281,364.2635575114041,361.71973957724185,51.62421595757486,58.552753202617566
2017-09-05,349.26593017578125,361.2640320442796,360.5875750862,48.315568218100864,55.971372797950345
2017-09-06,345.8291320800781,358.1770520514393,359.2458984492798,45.90169479870593,52.81835153871911
2017-09-07,341.3612365722656,354.81388895560457,357.620020096824,34.29511618346207,47.22731740786483
2017-09-08,346.68829345703125,353.1887698558899,356.6262267659338,35.93245077509846,43.21380918658844
2017-09-11,346.2156677246094,351.7941494296338,355.67981230763155,36.69946932136245,40.22885985934595
2017-09-12,348.1488952636719,351.06509859644143,354.99518348545337,35.96341707333053,37.75842963039189
2017-09-13,345.0987854003906,349.87183595723127,354.0955109322658,21.964773724540493,32.971045415558805
2017-09-14,342.7359619140625,348.44466114859756,353.0628246578837,19.40693841209881,29.993409861286146
2017-09-15,340.2442626953125,346.80458145794057,351.89750084310447,16.37474263036438,26.081868232339332
2017-09-18,340.8027648925781,345.60421814486807,350.88888848396573,19.436302157617874,22.629234799590417
2017-09-19,339.21319580078125,344.3260136760507,349.8274618764035,17.366460334632038,18.90984345185072
2017-09-20,340.9745483398437,343.65572060880936,349.02265155489806,20.97838355474137,18.712565417890893
2017-09-21,343.7669677734375,343.67797004173497,348.5448621202198,28.097605330328307,20.450698801536795
2017-09-22,339.685791015625,342.879534236513,347.7394920198021,28.886702287215428,22.953090732907004
2017-09-25,334.8742370605469,341.2784748013198,346.5699233871426,31.613610046513088,25.388552310686045
2017-09-26,332.8121337890625,339.58520659886835,345.3192152418626,32.764474227587286,28.468155089277094
2017-09-27,331.6092834472656,337.9900219685478,344.0728578059901,35.86553432413305,31.44558524315543
2017-09-28,328.2583923339844,336.04369604163514,342.6351791267168,21.66453180937367,30.158970538964503
2017-09-29,334.616455078125,335.75824784893314,341.90620421320847,34.89935232368083,31.36150054625758
2017-10-03,330.4923095703125,334.705060193209,340.8685774274906,28.25396849260801,30.689572235476568
2017-10-04,324.04833984375,332.57371612331724,339.3394649198778,26.074210146229532,29.351519419205022
2017-10-05,324.5208435058594,330.9631415998257,337.9923175186034,28.367253593358456,27.8518632730501
2017-10-06,328.4731750488281,330.4651482896262,337.12694093044195,36.489094667936094,30.81677584476258
2017-10-09,325.5948791503906,329.4910944617791,336.07857167771,33.42689678842332,30.522284737711082
2017-10-10,330.4493408203125,329.6827437334858,335.5668234179466,41.08387873970766,33.08826678713101
2017-10-11,346.7312316894531,333.09244132467927,336.5817696244472,54.52095623251334,38.77761600438778
2017-10-12,343.89581298828125,335.2531156573997,337.24668265752297,50.10111906374573,43.12438909846523
2017-10-13,370.23040771484375,342.2485740688885,340.24520311727935,67.76612641550561,49.379795447979134
2017-10-16,389.4765319824219,351.6941656515952,344.7207784686559,77.19301605250119,58.13301930079471
2017-10-17,400.3454895019531,361.4244304216668,349.77757038077385,80.92059245257605,66.10036204336839
2017-10-18,396.90869140625,368.5212826185835,354.0622177467262,79.29842001415813,71.05585479969734
2017-10-19,407.0472717285156,376.2264804405699,358.8790408359798,83.32126150673949,77.69988328829609
2017-10-23,427.3244323730469,386.44607082706534,365.1013491575314,85.07806338601452,81.16227068239787
2017-10-24,431.3627014160156,395.4293969448554,371.12510845375726,88.19130820200304,83.36192911229824
2017-10-25,443.1337890625,404.9702753683843,377.6713521454612,93.33958257439114,85.84572713666127
2017-10-26,439.3103332519531,411.83828694509805,383.27489588241497,90.78143688943128,88.14233051171588
2017-10-27,416.9710388183594,412.86483731975034,386.3381816038644,77.80776220573559,87.03963065151513
2017-10-30,423.5010070800781,414.9920712718159,389.71662028352023,80.07387164908774,86.03879230412976
2017-10-31,427.1954956054688,417.4327561385465,393.12379076733373,79.93085510956156,84.38670168564146
2017-11-01,463.1961669921875,426.5854383092747,399.494006787775,82.11322116311041,82.14142940338532
2017-11-02,466.7189025878906,434.6121311649979,405.60536095142186,83.73849422156381,80.73284086981182
2017-11-03,465.04345703125,440.69839633824836,411.0088242314062,80.12557810844314,81.19640405035332
2017-11-06,457.56842041015625,444.07240115263,415.24151479311075,73.38449642268512,79.85852900507281
2017-11-07,441.9308776855469,443.6440964592134,417.6678205106049,63.82855823019785,76.63806962920007
2017-11-08,425.5631103515625,440.02789923768324,418.3855741325101,58.77400791218255,71.97022697901448
2017-11-09,433.2529296875,438.6729053276466,419.7371519102365,58.14636006674895,66.85180014805152
2017-11-10,432.5656127929688,437.45144682071106,420.9033756268485,51.855247025272384,61.197733931417375
2017-11-13,427.8829345703125,435.53774437063134,421.5378809853452,48.77384325108916,56.27560329709818
2017-11-14,428.01177978515625,434.03255145353637,422.1264172398735,44.19523180508495,52.3489380120756
2017-11-15,418.2169189453125,430.86942495189163,421.7710083040043,42.25796052706744,49.045728535052575
2017-11-16,420.9233703613281,428.88021403377894,421.69395030921555,51.69491747239919,47.755440016182625
2017-11-17,424.0165100097656,427.9074732289763,421.90509210017467,50.227782569320496,47.429947124992246
2017-11-20,423.28619384765625,426.9832173527123,422.0306468044912,48.22615093863062,47.32040866250054
2017-11-21,432.3937377929688,428.0653214407637,422.9727459852619,31.511035852691222,44.783569472021796
2017-11-22,428.8280334472656,428.2178638420641,423.50504484544405,27.26797038117651,41.78557144284361
2017-11-23,426.4652099609375,427.8673330658388,423.7741507650344,27.04491390925702,36.85557073021518
2017-11-24,426.8518981933594,427.66424609134293,424.0539459857912,30.039040638675218,32.81782234408612
2017-11-27,427.8829345703125,427.70798378713687,424.4020358571113,38.73189617314856,30.918971390989704
2017-11-28,422.7276916503906,426.71192535978764,424.2498227474094,47.22683698060091,34.06213161657165
2017-11-29,425.94970703125,426.55948169408015,424.404357682304,42.17310535198003,37.04315861073235
2017-11-30,426.5511779785156,426.5578209509673,424.5995231637778,43.54242260809043,40.34266035049903
2017-12-01,415.9829711914063,424.4428509990551,423.8162002571986,38.65683746561609,42.06621971588721
2017-12-04,416.1118469238281,422.7766501840097,423.11580449961946,38.65687315462598,42.05121511218269
2017-12-05,421.5677490234375,422.5348699518953,422.9750721836029,53.48207524073254,43.30226276420901
2017-12-06,415.3815307617188,421.10420211386,422.28475023615886,44.62949917517961,43.79354152884893
2017-12-07,442.2315979003906,425.3296812711662,424.09810002381624,62.08664724288397,47.50238645580764
2017-12-08,451.2102966308594,430.50580434310484,426.5628451699111,66.7009196468889,53.1112028920622
2017-12-11,457.6972351074219,435.9440904959683,429.39324425513934,65.62332182296237,58.50449262572948
2017-12-12,450.0933532714844,438.77394305107157,431.2750723475343,62.5063534864488,60.30934827487273
2017-12-13,444.5085144042969,439.92085732171665,432.4781125345127,60.223984428579314,63.42824532555268
2017-12-14,447.0431213378906,441.3453101249515,433.8022042439107,61.169194492331464,63.24475477544216
2017-12-15,445.0240478515625,442.0810576702737,434.82237184460627,59.379435644126524,61.78045797488969
2017-12-18,452.1553649902344,444.0959191342659,436.3980984942088,65.76165378974963,61.80812436824715
2017-12-19,461.0481567382813,447.48636665506905,438.63901288003353,67.72239244423822,62.85133215980503
2017-12-20,454.4322814941406,448.8755496228834,440.0747645722251,63.27200218951255,63.46093571199167
2017-12-21,450.3081359863281,449.16206689557237,441.00507106441626,67.40746518636963,64.70858985079931
2017-12-22,454.1315307617188,450.1559596688017,442.19838558235284,68.5846710613662,66.54963693424725
2017-12-26,466.5041198730469,453.42559170965075,444.40799779059773,70.57442535248187,67.51219124679369
2017-12-27,459.3727416992188,454.6150217075644,445.7684290550178,69.96884785262408,67.96148232847086
2017-12-28,456.537353515625,454.99948806917655,446.7474221878003,58.30427189811472,66.9679362701913
2017-12-29,455.0767211914063,455.01493469362254,447.5046311881281,52.45903039341773,63.97824931160092
2018-01-01,453.5730590820313,454.72655957130434,448.0563064512102,47.19952752478945,59.701220604285574
2018-01-02,443.8210754394531,452.5454627449341,447.6712854501414,45.86161321577601,54.7586581769444
2018-01-03,445.2388000488281,451.08413020571294,447.4501504136583,50.509872303941,50.86686306720778
2018-01-04,449.3630065917969,450.73990548292977,447.6240464298527,51.584530968994734,49.522914881383784
2018-01-05,463.9694213867188,453.3858086636876,449.10998960774964,61.04152082230609,51.239412967161456
2018-01-08,443.6493225097656,451.4385114329033,448.6135653261147,45.703163299095465,50.94014012202266
2018-01-09,438.0215148925781,448.7551121248383,447.65065165033866,37.97128490348326,49.36207445956411
2018-01-10,435.1002197265625,446.0241336451832,446.50970329363173,39.49581058157718,47.15926211509135
2018-01-11,442.2745666503906,445.27422024622473,446.12469087151885,45.774959843147535,45.997347889921905
2018-01-12,437.80670166015625,443.78071652901104,445.3685100341222,41.47220286175048,42.083484297810784
2018-01-15,433.4677429199219,441.71812180719326,444.28662211464945,31.161203916529445,39.17509242129758
2018-01-16,427.238525390625,438.82220252387964,442.7367951397381,31.48515575711582,37.87786659202409
2018-01-17,429.5154113769531,436.96084429449434,441.5348511613031,34.329855345976526,36.84467554490396
2018-01-18,425.3053283691406,434.6297411094236,440.0594399983793,33.268962233830365,34.34347602304053
2018-01-19,427.7969970703125,433.2631923016014,438.9446724594641,35.67336847411697,33.18370914551382
2018-01-22,421.6107482910156,430.9327034994843,437.3688611714233,37.14573354245264,34.38061507069847
2018-01-23,422.8136291503906,429.3088886296656,436.0456582604203,36.98903636131849,35.481391191539004
2018-01-24,394.8036193847656,422.4078347806856,432.29638199899716,25.214649930543445,33.65835010845238
2018-01-25,388.96099853515625,415.7184675315798,428.35680168410255,12.97708198896305,29.599974059478917
2018-01-29,378.5647277832031,408.2877195819045,423.83024951129346,14.38644666012516,25.342589696680555
2018-01-30,381.0206909179688,402.83431384911745,419.93847145735486,17.68818857971847,21.451080704133723
2018-01-31,380.37213134765625,398.3418773488253,416.34153144738224,18.156009327347164,17.684475297339457
2018-02-01,379.1181640625,394.4971346915603,412.95758895784746,10.532773770151707,14.74810006526111
2018-02-02,365.2384338378906,388.64539452082636,408.6194839469423,9.424189010021493,14.037521469472798
2018-02-05,380.67474365234375,387.05126434712986,406.07905301106973,23.740160838993148,15.908264305246396
2018-02-06,379.7667236328125,385.59435620426643,403.6870230675918,25.06712640022981,17.384051869348664
2018-02-07,372.0702209472656,382.8895291528663,400.8127683293803,21.454057198525504,18.043661443584334
2018-02-08,371.6811218261719,380.6478476875275,398.16443682908863,22.3009314373342,20.397292977020832
2018-02-09,365.3681945800781,377.59191706603764,395.18296026099677,18.977661190014132,22.307987413019358
2018-02-12,367.0112609863281,375.47578585009575,392.6218966905723,21.585240656930807,21.87700337660689
2018-02-14,376.00494384765625,375.58161744960785,391.11126461394355,27.466949512340975,22.356967999029123
2018-02-15,370.9459533691406,374.6544846335144,389.27805450077966,35.2577046637948,25.117697492082982
2018-02-16,362.9468078613281,372.3129492790772,386.88430480628404,34.3424276232674,27.52599672926962
2018-02-19,358.3202514648437,369.5144097162305,384.2875726843349,36.90568165084844,31.111600821436486
2018-02-20,361.5632019042969,367.92416815384377,382.22172079524057,37.54154719507338,34.302862129065
2018-02-21,362.903564453125,366.92004741370005,380.4655247641391,38.913254511126475,36.592123128822095
2018-02-22,359.83367919921875,365.5027737708038,378.5899024400554,38.03650875990627,37.147883948044395
2018-02-23,368.0057678222656,366.0033725810962,377.6277083838927,51.84760931416775,40.64892028622446
2018-02-26,365.9303283691406,365.9887637387051,376.5643102007334,38.01826529767041,40.87143701558885
2018-02-27,372.2864074707031,367.2482924851047,376.1754099525488,44.41573886120851,42.24627534881588
2018-02-28,370.6000671386719,367.9186474158181,375.6685606058327,48.79429599440172,44.22248364547093
2018-03-01,369.9082946777344,368.31657686820137,375.14490006691466,48.553249734020305,46.32583184029374
2018-03-05,364.460205078125,367.5453025101861,374.17356415884285,49.248408428495864,45.80599166315936
2018-03-06,357.9311218261719,365.6224663733833,372.6969784922364,43.04635142500041,46.81160888862536
2018-03-07,348.67803955078125,362.2335810088629,370.5134385884677,29.155636708322163,43.7595884580481
2018-03-08,347.034912109375,359.19384722896535,368.37902709036837,30.758489533680418,40.15242716590383
2018-03-09,347.7699890136719,356.9090755859067,366.50547817430504,36.17018673198451,37.67581456549667
2018-03-12,364.5466613769531,358.436592744116,366.3274039200003,54.64518446910523,38.75516977361855
2018-03-13,368.6543273925781,360.4801396738084,366.5389424175073,55.22291372960843,41.19048223454015
2018-03-14,365.4546203613281,361.4750358113124,366.4403676851274,51.82886834764535,45.72512856240479
2018-03-15,363.5954284667969,361.8991143424093,366.18173684709734,52.744463537698444,50.122323363208395
2018-03-16,360.395751953125,361.59844186455246,365.65573822037254,44.01361266046562,51.69100854890462
2018-03-19,345.6080017089844,358.4003538334388,363.83321671933726,36.67795771976742,48.097563199037054
2018-03-20,346.25665283203125,355.9716136331573,362.2353472750367,31.556417995392465,43.36426405219386
2018-03-21,361.6497192382813,357.10723475418206,362.18210836260437,44.68964618161872,41.93641961898853
2018-03-22,359.4012756347656,357.56604293029875,361.9293053873463,43.87911766734675,40.163350444918194
2018-03-23,356.8934020996094,357.43151476416085,361.47149599755204,45.43558450710189,40.447744814245446
2018-03-26,364.5034790039063,358.84590761210995,361.7471308163115,53.9135121501448,43.894855700320925
2018-03-27,357.3257751464844,358.54188111898486,361.34518939178173,55.279790573965194,48.63953021603547
2018-03-28,344.7864990234375,355.7908046998754,359.83985390375045,48.78845084967621,49.45929114964697
2018-04-02,341.6733093261719,352.9673056251347,358.1883498512433,46.79691748843033,50.042851113863684
2018-04-03,347.813232421875,351.9364909844828,357.24515735766437,40.1023339402033,48.97620100048396
2018-04-04,341.6300964355469,349.87521207469564,355.8256063647446,34.39847637035058,45.07319384452512
2018-04-05,340.63555908203125,348.0272814761628,354.444692975407,35.297199516505984,41.07667563303328
2018-04-06,332.8958435058594,345.0009938821021,352.4857066599936,32.99814020715297,37.918613504528636
2018-04-09,328.8746337890625,341.7757218634942,350.33924548990893,32.70058024047056,35.099346054936674
2018-04-10,333.4147033691406,340.1035181646235,348.80065075165726,42.45994931908372,35.570869130712765
2018-04-11,333.198486328125,338.7225117973238,347.3822721676998,41.881717329172496,37.067517322477144
2018-04-12,328.78814697265625,336.7356388323903,345.69189714996855,26.33873676864434,35.27582477290481
2018-04-13,326.7991943359375,334.7483499330998,343.9743787123294,26.437528975991256,33.96370252667247
2018-04-16,325.7182006835937,332.94232008319864,342.3147261642625,26.99428476714111,32.82244343200658
2018-04-17,330.38800048828125,332.4314561642152,341.2304783755369,23.682446112267314,29.066942790643303
2018-04-18,332.2904663085937,332.4032581930909,340.4177500058148,28.975997449514352,26.48579881471168
2018-04-19,341.8894958496094,334.3005057243946,340.5515450825234,47.44079087485274,30.706209635953353
2018-04-20,347.6402587890625,336.96845633732823,341.1959736012996,55.036492514745625,36.426002343704226
2018-04-23,348.3753662109375,339.24983831205014,341.8486456567212,50.52211535518017,41.13156846131204
2018-04-24,351.31561279296875,341.6629932082339,342.7092790327437,59.572664782547044,48.30961219536799
2018-04-25,363.0765380859375,345.94570218377464,344.5608480375795,68.2875671223392,56.17192612993294
2018-04-26,353.8666687011719,347.52989548725407,345.4068317342697,66.68961014862904,60.021689984688216
2018-04-27,353.4775085449219,348.7194180987876,346.14052962614716,70.78158261186066,63.170708004111226
2018-04-30,354.1693725585937,349.80940899074886,346.87042443818774,68.75001723121639,66.81628837931846
2018-05-02,353.21807861328125,350.49114291525535,347.4474839086508,67.84887922440326,68.4715312676897
2018-05-03,349.7157592773437,350.336066187673,347.6536907603502,68.96551914871485,68.60712167296484
2018-05-04,343.1001892089844,348.8888907919353,347.2397360738624,63.629729314567385,67.99514550615251
2018-05-07,344.3973999023437,347.99059261401703,346.98134187645155,65.56194675865663,66.9512183355117
2018-05-08,346.9052429199219,347.773522675198,346.97442378949427,64.27501742055517,66.05621837337947
2018-05-09,348.0294494628906,347.82470803273657,347.0703352143485,63.7878847018603,65.24401946887086
2018-05-10,356.3745422363281,349.53467487345495,347.91617221634664,62.974439605545314,64.04580356023696
2018-05-11,334.3226928710937,346.4922784729827,346.68040136677814,40.76740608095753,59.473338913514986
2018-05-14,331.3392333984375,343.4616694580737,345.2857497332926,38.54650785847762,54.070251133479175
2018-05-15,330.301513671875,340.82963830083395,343.92354645498193,35.501195126511575,48.31548667467047
2018-05-16,324.593994140625,337.5825094687922,342.166314426404,21.028715894877735,39.76365291327395
2018-05-17,317.8919677734375,333.6444011297213,339.9595556397707,21.853924509182605,31.539549894001414
2018-05-18,312.48712158203125,329.4129452201833,337.46206163452166,20.26355977494424,27.43878063279875
2018-05-21,311.31964111328125,325.7942843988029,335.0854779507725,19.127740487447937,23.555027158592818
2018-05-22,312.9194641113281,323.219320341308,333.07038578355025,21.234575538960286,20.701703241082562
2018-05-23,308.5523986816406,320.28593600937455,330.8414778651948,20.97562655064158,20.691085372235328
2018-05-24,321.6105041503906,320.55084963757776,330.00229843657627,36.10956372714562,23.542213215827935
2018-05-25,325.97760009765625,321.6361997295935,329.6364167694017,38.54833801205011,27.199168863249106
2018-05-28,324.4210510253906,322.19316998875297,329.1622926108552,35.85416597866649,30.544453961492813
2018-05-29,327.8801574707031,323.33056748514304,329.0457348708414,37.684971999600094,33.834533253620776
2018-05-30,324.983154296875,323.6610848474894,328.6764093641172,29.44504192988998,35.52841632947046
2018-05-31,323.0805969238281,323.54498726275716,328.16769914227274,39.999978283306255,36.306499240702585
2018-06-01,331.8148803710937,325.19896588442447,328.49926107216555,50.383826583081444,38.67359695490885
2018-06-04,321.9564208984375,324.5504568872271,327.9044574200085,44.105067643018685,40.32377728777929
2018-06-05,315.0381774902344,322.6480010078286,326.73479560821085,43.36333828588141,41.45945054503555
2018-06-06,328.3990173339844,323.7982042730598,326.8860884923721,56.6795007548741,46.90634231003238
2018-06-07,328.5719299316406,324.75294940477596,327.0393468050329,60.95404003057598,51.09715465948632
2018-06-08,326.4964904785156,325.1016576195239,326.9899962298949,60.20944644010442,53.06227863089092
2018-06-11,336.2252502441406,327.3263761444473,327.82956477664453,64.13218393357053,57.067701889001285
2018-06-12,329.17730712890625,327.69656234133913,327.95208680866835,62.11273366098177,60.81758096402135
2018-06-13,324.8533935546875,327.1279285840088,327.6703874219428,52.12222352258388,59.90612551756332
2018-06-14,325.58843994140625,326.8200308554883,327.48111946916674,49.732613368828325,57.661840185213784
2018-06-15,327.10186767578125,326.87639821954696,327.4466420334044,51.84304464387246,55.988559825967386
2018-06-18,320.7456970214844,325.65025797993445,326.83746521413894,45.28300135588842,52.218723310430974
2018-06-19,321.005126953125,324.72123177457263,326.3072526449559,47.274854368444906,49.2511474519236
2018-06-20,321.6105041503906,324.0990862497362,325.88027550908635,48.97469122821655,48.62164099305013
2018-06-21,318.8432312011719,323.04791524002337,325.2405442083668,40.131611023119724,46.70144052390841
2018-06-22,323.9021911621094,323.2187704244406,325.1188757496161,51.59689012291938,46.652209619717794
2018-06-25,323.5562744140625,323.28627122236503,324.97682108274756,57.83613243667697,49.162835835875505
2018-06-26,328.78814697265625,324.3866463724233,325.32330525455745,50.420931496213235,49.792051261429165
2018-06-27,324.8533935546875,324.4799958088762,325.2805860091147,46.28029440406378,49.25317189659862
2018-06-28,326.8424072265625,324.95247809241346,325.4225697561554,50.34662484946972,51.29617466186862
2018-06-29,330.301513671875,326.0222852083058,325.8661101121299,43.211115766618704,49.619019790608476
2018-07-02,318.28106689453125,324.4740415455509,325.1765607287118,38.79003960948116,45.80980122516932
2018-07-03,320.61602783203125,323.70243880284704,324.7619668290136,45.454616878380804,44.81653830160284
2018-07-04,317.718994140625,322.5057498704026,324.12169658461465,41.932702547462235,43.94701993028252
2018-07-05,314.2599182128906,320.8565835389002,323.22517127809425,37.340197464098395,41.34573445320826
2018-07-06,313.2653503417969,319.3383368994796,322.3197330111581,41.754065844751075,41.054324468834736
2018-07-09,313.1356506347656,318.0977996465368,321.4848164314861,41.300227457823134,41.55636203850313
2018-07-10,318.0649108886719,318.09122189496384,321.1739159275939,46.422346737549255,41.74990801033682
2018-07-11,313.0491943359375,317.0828163831586,320.43530487380696,44.40734183852315,42.244835868549
2018-07-12,313.1789245605469,316.30203801863627,319.77563393623785,38.56091059553063,42.48897849483545
2018-07-13,310.4115905761719,315.1239485301434,318.9243572671409,36.66666873037031,41.47149907195929
2018-07-16,300.4234619140625,312.1838512069272,317.2424576895883,23.76012945831677,37.96347947205802
2018-07-17,296.2293395996094,308.99294888546365,315.33217422686295,23.646654165526414,33.40834095765346
2018-07-18,291.2568664550781,305.44573239938654,313.14350988397337,18.943522539687947,28.315577097886415
2018-07-19,298.34796142578125,304.0261782046655,311.79846002413774,23.775738273826278,25.358542633545547
2018-07-20,298.6939392089844,302.9597304055293,310.6071399500329,30.11425848480323,24.04806058443213
2018-07-23,310.4115905761719,304.4501024396578,310.5893627342273,41.297874455627564,27.555609583894284
2018-07-24,308.5523986816406,305.2705616880544,310.40418418399213,42.042060340995135,31.23469081898803
2018-07-25,304.6608581542969,305.1486209813029,309.882063635838,41.72872581008219,35.791731473066875
2018-07-26,309.28741455078125,305.9763796951986,309.8280046281056,46.774218295655615,40.39142747743274
2018-07-27,315.38409423828125,307.85792260381515,310.3331036835761,51.66242394348972,44.701060569170046
2018-07-30,331.4257507324219,312.5714882295365,312.25061705165297,58.48438150415374,48.13836197887528
2018-07-31,337.78179931640625,317.6135504469105,314.571633621176,65.4427854856818,52.81850700781261
2018-08-01,332.5067138671875,320.5921831309659,316.2020954617225,61.33946619733188,56.74065508526255
2018-08-02,324.6727600097656,321.4082985067259,316.97215587518093,57.897410556514714,58.96529353743436
2018-08-03,325.9784240722656,322.3223236198338,317.7909075294614,65.65720100174974,61.764248949086365
2018-08-06,335.7708435058594,325.012027597039,319.4254471636794,72.67132237715595,64.60163712368681
2018-08-07,332.41961669921875,326.49354541747493,320.60673530327387,74.0479475232319,66.32266953119684
2018-08-08,335.3791198730469,328.2706603085893,321.94967935507145,72.73156774096618,68.6010898399237
2018-08-09,319.4936828613281,326.5152648191371,321.72640694654933,60.7223337090113,69.16607447042301
2018-08-10,321.88739013671875,325.5896898826535,321.7410417820193,56.544983216295876,67.34363091333225
2018-08-13,322.1919860839844,324.9101491229197,321.7820367185616,57.91948787044801,64.39326401199065
2018-08-14,319.4501342773437,323.8181461538045,321.57004558754176,58.703220738526014,61.32431865504948
2018-08-16,323.80230712890625,323.81497834882487,321.77297845493854,58.569425055907445,58.49189011803774
2018-08-17,323.2800598144531,323.70799464195056,321.90998585125806,54.99014642083056,57.34545266040159
2018-08-20,322.5401611328125,323.47442794012295,321.96727451321755,43.037879037861835,54.64403182471477
2018-08-21,320.5382080078125,322.88718395366084,321.83735937636254,35.49977006491562,50.1600882636083
2018-08-23,321.9743957519531,322.7046263133193,321.84981722868895,40.5320361267498,46.52585134125305
2018-08-24,321.1474914550781,322.3931993416711,321.78596943108795,46.37420777211962,44.086807884495485
2018-08-27,330.0259704589844,323.91975356513376,322.535060433624,53.60187972334261,43.809154544997895
2018-08-28,327.9804077148437,324.7318843950758,323.03009200464396,41.95862967492042,43.593304672409616
2018-08-29,326.3266296386719,325.050833443795,323.329777244101,43.482359884856294,45.18982263639775
2018-08-30,333.4641418457031,326.7334951241766,324.2510831169739,48.11963158563453,46.70734172817469
2018-08-31,334.11700439453125,328.2101969782476,325.14798505129727,70.48789351940921,51.53007887763262
2018-09-03,334.073486328125,329.3828548482231,325.9593942582816,68.27684629496042,54.465072191956175
2018-09-04,329.32958984375,329.3722018473285,326.2657756751423,59.447066778363784,57.962759612644845
2018-09-05,323.84588623046875,328.26693872395657,326.04578572562656,55.42435279833947,60.35115819534148
2018-09-06,324.0634765625,327.4262462916653,325.865575801706,50.35890605367739,60.79901308895006
2018-09-07,339.1220092773437,329.765398888801,327.07070611767307,65.55560816249226,59.812556017566656
2018-09-10,338.07745361328125,331.42780983369704,328.07131952636473,65.1657212032824,59.19033099923106
2018-09-11,329.63427734375,331.0691033357076,328.21340660067244,57.88682097027534,58.87828183761337
2018-09-12,327.8933410644531,330.4339508814567,328.1843097337434,55.10509087731379,58.81442945340823
2018-09-14,333.8994140625,331.12704351766536,328.7038646727213,60.09650583166814,60.76194940900639
2018-09-17,332.5502319335937,331.41168120085104,329.05353442370966,52.26916714446783,58.1046612054015
2018-09-18,325.28204345703125,330.1857536520871,328.7106716085571,47.782537166703484,54.62802439808572
2018-09-19,322.1050109863281,328.5696051189353,328.11015700653627,46.61548985777296,52.37375817558525
2018-09-21,322.4966735839844,327.3550188119451,327.59984033175886,40.140876754238185,49.38091535097011
2018-09-24,310.0494079589844,323.893896641353,326.0043464796884,32.149755665858606,43.79156531780821
2018-09-25,313.79229736328125,321.8735767857387,324.89416019637866,35.74050567183596,40.48583302328184
2018-09-26,314.4886474609375,320.39659092077846,323.94820449315677,38.93575700655605,38.71647699125235
2018-09-27,310.5717163085937,318.4316159983415,322.7321601127419,39.867102514261596,37.36679952255008
2018-09-28,294.6861877441406,313.6825303475013,320.18252626105084,31.903472654859144,35.71931870267427
2018-10-01,284.4150695800781,307.8290381940167,316.93093929005335,14.188071273976192,32.12698182429779
2018-10-03,277.1904296875,301.7013164927133,313.3181656898212,13.126026204295329,27.604085930789665
2018-10-04,269.9658508300781,295.3542233601863,309.37704615711726,13.322668375461049,22.48146820457066
2018-10-05,259.9123229980469,288.26584328775846,304.88025314265633,12.087422825270764,16.925532266772496
2018-10-08,256.95281982421875,282.00323859505056,300.52321375007114,5.577867951334468,11.66041132606756
2018-10-09,251.5561065673828,275.91381218951705,296.07165855164493,5.328831906271205,9.888563452526563
2018-10-10,256.8657531738281,272.10420038637926,292.5074853354797,11.432747874028536,9.549907786473204
2018-10-11,248.3790283203125,267.35916597316594,288.49580742500996,10.787005295374925,9.042775170455979
2018-10-12,252.47006225585935,264.3813452297046,285.22073968235986,14.164796534281578,9.458249912258143
2018-10-15,253.3840484619141,262.1818858761465,282.3264950259557,17.12122915761023,11.766922153513296
2018-10-16,255.9082946777344,260.9271676364641,279.92484044884463,15.932361995696553,13.887628171398365
2018-10-17,251.12088012695312,258.9659101345619,277.30629860139993,14.418358611112467,14.48475031881515
2018-10-19,250.07635498046875,257.18799910374327,274.8308491813153,14.898964948049112,15.307142249349988
2018-10-22,248.72720336914065,255.49583995682278,272.45779047111756,17.922228683285127,16.058628679150697
2018-10-23,248.85775756835935,254.16822347913012,270.31233293450316,21.08985171521735,16.852353190672122
2018-10-24,274.9273376464844,258.320046312601,270.7318788174105,48.59157417325706,23.384195626184223
2018-10-25,257.2574157714844,258.1075202043777,269.5069276314172,43.00092473914188,29.100708851790102
2018-10-26,259.3465270996094,258.35532158342403,268.5832548557983,49.658427032534185,36.05260126868712
2018-10-29,255.99530029296875,257.883317325333,267.4388953500865,49.42466327141716,42.35308818631353
2018-10-30,254.68972778320312,257.244599416907,266.27988011673347,51.98022904760206,48.53116365279047
2018-10-31,254.4721221923828,256.6901039720022,265.20644757815614,48.38335147484177,48.48951911310741
2018-11-01,255.4730682373047,256.4466968250627,264.321594910806,55.3302675824938,50.95538768177779
2018-11-02,262.9153137207031,257.7404202041908,264.1937511662512,57.47198578386322,52.5180994320436
2018-11-05,266.118896484375,259.4161154602277,264.3687643769897,58.82089583472932,54.39734594470603
2018-11-06,267.7426147460937,261.0814153174009,264.6754780469082,58.30069027754941,55.661438190695506
2018-11-07,268.7958984375,262.62431194142073,265.05006171878017,63.082716515654774,58.601311198858106
2018-11-09,263.0908508300781,262.71761971915225,264.87195163798907,59.01136745909524,59.33753117417839
2018-11-12,259.9750061035156,262.1690969960249,264.42677477121873,57.6021020420202,59.36355442580979
2018-11-13,261.159912109375,261.96726001869496,264.12978725650567,58.19787380809448,59.23895002048282
2018-11-14,264.4512939453125,262.46406680401844,264.15901513730626,39.97592088172907,55.57399614131875
2018-11-15,267.1721496582031,263.4056833748554,264.43293645738777,63.288629694679656,55.61517877712373
2018-11-16,292.0549621582031,269.135539131525,266.94402970291645,77.21211582648877,59.25532845060243
2018-11-19,295.6535339355469,274.43913809232936,269.55398463315555,82.85883697526587,64.30667543725157
2018-11-20,291.3528137207031,277.82187321800416,271.53569636838716,78.94079953747757,68.4552605831282
2018-11-21,292.0111083984375,280.65972025409087,273.3970974620281,79.4274731455341,76.34557103588921
2018-11-22,287.7542724609375,282.0786306954602,274.70229518920166,74.07675907251067,78.50319691145539
2018-11-26,293.63482666015625,284.3898698883994,276.4234344138339,73.45845853543948,77.75246545324553
2018-11-27,288.0175170898437,285.1153993286883,277.47744192983475,66.12798387502781,74.40629483319792
2018-11-28,275.6858215332031,283.22948376959124,277.3145673483228,55.05305177279937,69.62874528026228
2018-11-29,278.4067077636719,282.2649285684074,277.41385284062727,55.98687069582043,64.94062479031955
2018-11-30,275.15924072265625,280.8437909992572,277.2088881026299,57.75522362770565,61.67631770135855
2018-12-03,280.6448669433594,280.80400618807766,277.52124981542346,62.88999607958071,59.562625210186795
2018-12-04,279.59161376953125,280.5615277043684,277.70946472034234,61.51315538651811,58.639659512484855
2018-12-05,274.5448608398437,279.3581943314635,277.4217734584788,56.16953854464651,58.862956866854276
2018-12-06,266.8210144042969,276.85075834603015,276.4580680899168,49.79774392897799,57.62513151348579
2018-12-07,266.7771911621094,274.83604490924597,275.57798836920705,29.603396224556633,51.99476603285599
2018-12-10,258.8778686523437,271.64440965786554,274.059795667674,22.25164489363395,43.867095795666636
2018-12-11,254.752685546875,268.2660648356674,272.30460383851045,22.310745198357083,36.02661375803443
2018-12-12,268.1814880371094,268.24914947595585,271.9297751292922,34.89144698271642,31.770995445648413
2018-12-13,266.0311584472656,267.80555127021785,271.39353724910796,35.849028846929926,28.981252429238804
2018-12-14,280.2059936523437,270.285639746643,272.1946696494021,42.10524993810301,31.48162317194808
2018-12-17,276.6513366699219,271.5587791312988,272.5998211967221,43.15178790431808,35.6616517740849
2018-12-18,278.933349609375,273.03369322691407,273.17559650696325,52.22626175055743,41.644755084524974
2018-12-19,283.2341003417969,275.07377464989065,274.0900059464936,53.23913632860206,45.3142929537021
2018-12-20,277.83624267578125,275.6262682550688,274.43057292188337,51.745862036297694,48.49365959157565
2018-12-21,270.2440795898437,274.5498305220238,274.04998261897066,43.398303072190096,48.752270218393065
2018-12-24,271.29736328125,273.89933707386905,273.7997444973597,44.73538830351449,49.06899029823235
2018-12-26,281.25927734375,275.37132512784524,274.47788384703153,54.011539159994115,49.426045780119686
2018-12-27,277.9678955078125,275.8906392038387,274.79515763437524,57.03217201223995,50.18465291684727
2018-12-28,277.83624267578125,276.2797598982272,275.0716199108667,56.96904054656457,51.22928861890064
2018-12-31,274.2815246582031,275.8801128502224,274.99979306971545,60.2691666819256,54.603461340847744
2019-01-01,280.4254150390625,276.7891732879905,275.49303143056517,66.66665345872426,58.98971437188969
2019-01-02,274.4131774902344,276.31397412843927,275.3948628905351,54.47668004847618,59.082742549586115
2019-01-03,275.15924072265625,276.0830274472827,275.37344269345516,56.692395778749024,59.01478730288793
2019-01-04,283.0146484375,277.4693516453262,276.0680977610956,52.26951033182784,58.07488125994058
2019-01-07,285.2089233398437,279.0172659842297,276.89908190461813,57.0703278449613,57.43511349254773
2019-01-08,288.9830017089844,281.0104131291806,277.99762006865143,58.1032937601781,55.72244155283848
2019-01-09,293.5909423828125,283.526518979907,279.4151948244842,58.30982287454596,56.48907011805244
2019-01-10,296.04852294921875,286.03091977376937,280.92731556309644,65.33624718089357,58.21784039848135
2019-01-11,294.1175842285156,287.6482526647186,282.1264308963164,72.22223169113911,62.208384670343605
2019-01-14,291.04559326171875,288.32772078411864,282.93726383862565,67.71647938393271,64.33761497813789
2019-01-15,296.4434814453125,289.9508729163574,284.1651018028699,64.83700514092823,65.68435725428792
2019-01-16,293.10821533203125,290.5823413994922,284.9781121237027,64.78144749841792,66.9786821790623
2019-01-17,291.44061279296875,290.7539956781875,285.5656121845451,62.895167392919205,66.49046622146743
2019-01-18,273.0966186523437,287.22252027301874,284.4320673179813,49.12280067578707,61.87058001839703
2019-01-21,273.27215576171875,284.4324473707588,283.4175299037756,44.191029524889586,57.1654900465884
2019-01-22,267.5671081542969,281.05937952746643,281.9765824720048,44.41261358734259,53.08061173587127
2019-01-23,266.5577697753906,278.15905757705127,280.574872226858,43.009990015440614,48.726320239275815
2019-01-24,264.7585144042969,275.4789489425004,279.13702151571607,33.544354982903926,42.85615775727276
2019-01-25,269.8930053710937,274.36176022821905,278.29665641165946,36.88951468383135,40.40950055888161
2019-01-28,267.8304138183594,273.0554909462471,277.34517981226855,31.346747559647085,37.84064416583311
2019-01-29,270.2002258300781,272.48443792301333,276.6956385411603,28.525391560745916,34.663199760513784
2019-01-30,266.5577697753906,271.29910429348877,275.7740141079085,23.501561630237774,30.76151408347321
2019-01-31,268.9275817871094,270.8247997922129,275.151611169654,27.543046126991243,29.561252312290673
2019-02-01,273.7110290527344,271.4020456443172,275.02064915902497,35.00380436533101,29.184110248590606
2019-02-04,269.0592041015625,270.93347733576627,274.4786996083465,25.99995720620724,28.114752177902638
2019-02-05,270.5074157714844,270.8482650229099,274.11767380499543,29.514686641642612,28.312611194081978
2019-02-06,270.9901428222656,270.8766405827811,273.8333528065655,31.056853664893495,29.82366960101312
2019-02-07,273.0966186523437,271.3206361966936,273.7663769743635,50.0,34.31506037561487
2019-02-08,274.9398193359375,272.0444728245424,273.87305355268836,52.11585758713403,37.73747101997547
2019-02-11,274.0182189941406,272.43922205846206,273.8862504110022,59.315617838885984,44.40060314651123
2019-02-12,273.1844177246094,272.5882611916915,273.82244743951196,59.617858205887806,50.421237459360256
2019-02-14,264.0124206542969,270.8730930842126,272.9306268226742,49.10802239867838,54.03147120611724
2019-02-15,267.3476867675781,270.16801182088574,272.4230868176654,46.820197928906396,53.395510791898516
2019-02-18,265.54840087890625,269.2440896324898,271.7981153686873,47.1302595150796,52.39839117748763
2019-02-19,266.5577697753906,268.70682566106996,271.32172031475125,45.25715384725426,49.586698379161284
2019-02-20,271.20953369140625,269.2073672671372,271.3115215308108,55.90193805383062,48.84351434874985
2019-02-21,271.9994812011719,269.76579005394416,271.3740633190254,54.06025276344047,49.83396042170227
2019-02-22,275.4664306640625,270.9059181759678,271.7460967140288,52.40384173367803,50.950689182656596
2019-02-25,278.4505920410156,272.4148529489774,272.3555962892094,63.47604162926205,54.219845605493084
2019-02-26,276.8707580566406,273.30603397051004,272.76606554079405,59.096628060580784,56.98774044815839
2019-02-27,280.99591064453125,274.84400930531433,273.51423327749745,62.9545280336573,58.39825844412373
2019-02-28,279.1527099609375,275.70574943643896,274.0268220669011,57.894678215261585,59.165143534487946
2019-03-01,270.0246887207031,274.56953729329183,273.66299176270127,44.61536712752492,57.607448613257326
2019-03-05,270.2002258300781,273.6956750006491,273.3481948597355,45.747796200927745,54.06179952759047
2019-03-06,271.5606689453125,273.2686737895818,273.18569250387884,48.2125544141746,51.88498479830923
2019-03-07,270.0246887207031,272.61987677580606,272.8983285235901,57.955911143848496,50.88526142034747
2019-03-08,270.9462890625,272.28515923314484,272.72087039076376,55.0869034420579,50.323706465706735
2019-03-11,292.9765625,276.4234398865159,274.5622969461489,74.66462199789899,56.33355743978154
2019-03-12,308.7751770019531,282.89378730960334,277.6725587694038,79.98758339157231,63.181514877910466
2019-03-13,296.4434814453125,285.6037261367452,279.3790062853955,66.16081186939167,66.77116636895387
2019-03-14,300.5247497558594,288.587930860568,281.3013466008922,67.5296895008203,68.68592204034823
2019-03-15,296.3995666503906,290.15025801853255,282.6739120599375,62.760844644585276,70.22071028085371
2019-03-18,290.2117919921875,290.16256481326354,283.3591738719602,56.90012207091572,66.66781029545706
2019-03-19,295.5657653808594,291.2432049267827,284.4688640091328,60.50296436249919,62.77088648964243
2019-03-20,293.152099609375,291.62498386330117,285.2582490637003,56.963326000584566,60.931389315881006
2019-03-22,291.0017395019531,291.50033499103154,285.7803845580869,56.763577795019536,58.778166974720854
2019-03-25,287.0081787109375,290.60190373501274,285.89200220834607,60.29802590406459,58.285603226616715
2019-03-26,287.7103271484375,290.0235884176977,286.05730447562706,60.54996445780408,59.0155717039944
2019-03-27,283.0585632324219,288.6305833806425,285.78469163533566,56.663293426284326,58.247637516751425
2019-03-28,289.5974426269531,288.82395522990464,286.13130536184633,60.721182392493965,58.9992087951333
2019-04-01,299.1204528808594,290.8832547600956,287.3121369544839,64.10370006895943,60.46723324992128
2019-04-02,312.8564453125,295.27789287057647,289.6343468052126,60.85289915339176,60.578207899786705
2019-04-03,307.1953125,297.6613767964612,291.2307982320114,49.03016785145714,58.27424857851732
2019-04-04,313.1636962890625,300.76184069498146,293.2246980553797,61.133880170082435,59.168365927276945
2019-04-05,313.0320129394531,303.2158751438758,295.0253630448409,58.79090566675562,58.78231058212928
2019-04-08,311.5399475097656,304.8806896170538,296.5266889052886,61.05066394862328,58.171703358062054
2019-04-09,308.5996398925781,305.62447967215866,297.62422990413313,64.0888091177311,58.81888535092992
2019-04-10,298.4183044433594,304.18324462639885,297.69641849860824,52.03507739094161,59.41986725882681
2019-04-11,303.9916687011719,304.1449294413535,298.26871397156856,57.3996305924146,58.67301734329324
2019-04-12,300.1297912597656,303.34190180503595,298.4379028159501,56.08898019739901,58.13263224942192
2019-04-15,305.1766052246094,303.70884248895067,299.0505121258282,61.95153483722154,58.312806427141574
2019-04-16,306.09820556640625,304.18671510444176,299.6912115295171,62.061071819479665,57.90725896749128
2019-04-18,304.5183410644531,304.25304029644406,300.13004148723854,64.6670721420866,60.43365791772028
2019-04-22,306.668701171875,304.73617247153027,300.7244650949327,62.41224860576298,61.43618152038996
2019-04-23,302.5472412109375,304.2983862194117,300.8901720145695,52.7039542281417,60.7591763265385
2019-04-24,310.1945495605469,305.47761888763876,301.7360245187492,47.67631872408919,57.904133103912024
2019-04-25,314.0181884765625,307.1857328054235,302.85258487855043,56.153380379377545,56.722594815891604
2019-04-26,311.1026611328125,307.9691184709013,303.60259181075605,48.03288314738696,53.39575701695168
2019-04-30,306.1797180175781,307.61123838023667,303.8368760113762,44.00797598664407,49.714902493127894
2019-05-02,309.90777587890625,308.0705458799706,304.3887759993335,48.626452506634934,48.899402148826546
2019-05-03,316.83819580078125,309.82407586413274,305.52054143582876,56.496815378595244,50.66350147972775
2019-05-06,318.7499389648437,311.60924848427493,306.7232139384665,68.43805402557086,53.12043620896642
2019-05-07,310.6247253417969,311.41234385577934,307.07789679331466,55.74919509364212,54.663698598217444
2019-05-08,310.1945495605469,311.1687849967328,307.36122886306305,59.275398350350336,57.7171830709587
2019-05-09,301.5434875488281,309.2437255071519,306.8323432890417,46.86038980218741,57.363970530069196
2019-05-10,309.81219482421875,309.35741937056525,307.1032388831487,52.847868147214896,56.63418108379312
2019-05-13,304.6024169921875,308.4064188948897,306.87589143851585,50.06106938590577,52.95878415586011
2019-05-14,321.7611389160156,311.0773628991149,308.2290957546522,59.00022748573665,53.60899063427901
2019-05-15,316.6469421386719,312.19127874702633,308.9943545168358,58.30982875622089,53.41587671545312
2019-05-16,310.8636779785156,311.9257585933242,309.16429301335216,50.40321839114281,54.1244424332442
2019-05-17,313.9704284667969,312.33469256801874,309.60121441821076,49.97096887529527,53.54906257886027
2019-05-20,325.1068115234375,314.8891163591025,311.01081415504956,57.73903083010993,55.08465486770111
2019-05-21,316.07342529296875,315.12597814587576,311.471051531224,55.22990332171302,54.33059003489639
2019-05-22,320.3750305175781,316.1757886202163,312.28050416634716,55.49973719225117,53.768571722102436
2019-05-23,323.8641357421875,317.71345804461055,313.33356158233266,53.83009857979613,54.4539477598331
2019-05-24,337.6293334960937,321.6966331349072,315.54226811994727,59.11400401544184,56.28255478786242
2019-05-27,334.0924377441406,324.17579405675394,317.2286471766921,61.854148605169414,57.10557834287431
2019-05-28,330.3643798828125,325.4135112219657,318.42280469543033,59.859804816367536,58.03155864180521
2019-05-29,323.8641357421875,325.10363612601003,318.9174711542264,61.14557919744236,59.16072704284345
2019-05-30,331.4158630371094,326.3660815082299,320.05368859812484,60.865362389532805,60.56777980479079
2019-05-31,333.4233093261719,327.7775270718183,321.2691086643109,64.97765253796183,61.740509509294796
2019-06-03,337.1991882324219,329.661859303939,322.71729771595733,59.31910140012926,61.23350006828675
2019-06-04,336.8645935058594,331.10240614432314,324.0034155150393,62.95164140821723,61.85186738665669
2019-06-06,338.202880859375,332.5225010873335,325.29427600088803,68.5714250176313,63.337036550694485
2019-06-07,341.357421875,334.28948524486685,326.75456198944363,68.5918176834794,64.88232760948381
2019-06-10,347.4274597167969,336.91708013925285,328.63391632829394,66.27177625932222,65.14115235375588
2019-06-11,347.2362670898437,338.980917529371,330.3250391247985,76.07995635735074,68.49332334520018
2019-06-12,344.0339660644531,339.99152723638747,331.57130521022157,70.17114049256494,69.93722316206973
2019-06-13,347.7142639160156,341.53607457231317,333.0388469107483,70.26807077529062,70.27655231360158
2019-06-14,337.7249450683594,340.7738486715224,333.46485583416745,50.08682359761743,66.5755534964292
2019-06-17,328.8348999023437,338.3860589176867,333.0439507494562,45.648740051877944,62.450946254940334
2019-06-18,329.9342041015625,336.6956879544619,332.76124650873857,49.62778042425004,57.16051106832019
2019-06-19,326.062744140625,334.56909919169453,332.152291748001,51.99306615262209,53.524896200331625
2019-06-20,333.1843566894531,334.29215069124626,332.2461158335875,51.61576157994995,49.79443436126349
2019-06-21,328.6437072753906,333.1624620080752,331.9186241464787,45.826369198627084,48.94234348146542
2019-06-24,329.88641357421875,332.5072523213039,331.7338777308187,43.31878079913099,48.47635163091603
2019-06-25,333.2321472167969,332.6522313004025,331.8700840477258,46.854343314964204,47.92166420905886
2019-06-26,330.31658935546875,332.18510291141575,331.72885725752064,43.35216754663707,46.19348448786186
2019-06-27,333.2798767089844,332.4040576709295,331.8698590258355,43.168922228662844,44.50411661760444
2019-06-28,331.3680725097656,332.19686063869676,331.82424206982915,35.39133263968395,42.417109305815806
2019-07-01,333.13653564453125,332.3847956398637,331.9435414857112,37.53174948429021,41.25970304284766
2019-07-02,338.0116882324219,333.5101741583753,332.4951911899576,44.82758982219563,40.85435234429394
2019-07-03,337.6293334960937,334.334006025919,332.9619313996063,40.81810023144866,40.347538881256256
2019-07-04,346.75830078125,336.8188649769852,334.2161467979376,58.35538345763634,43.38483112705096
2019-07-05,348.7179260253906,339.1986771866663,335.53449036406965,71.09529757869043,50.525624114852256
2019-07-08,340.68829345703125,339.4966004407393,336.0030179179753,59.946989284948096,55.00867207498383
2019-07-09,346.32818603515625,340.8629175596227,336.94166956499174,68.15072312287619,59.67329873511994
2019-07-10,342.7435302734375,341.2390401023857,337.4691114475777,59.14080223463555,63.33783913575733
2019-07-11,344.84649658203125,341.9605313983148,338.1397828234371,66.251283278778,64.91701909998565
2019-07-12,340.4015197753906,341.64872907373,338.34539527361466,59.90998842067296,62.679957268382154
2019-07-15,335.1439208984375,340.34776743867155,338.0543521485986,51.73908481026222,61.038376373444976
2019-07-16,335.287353515625,339.3356846540622,337.80280681832824,54.761924252187086,58.360616599307164
2019-07-17,330.9856872558594,337.6656851744217,337.18306867628564,47.85714692921197,56.10388553822245
2019-07-18,327.4010314941406,335.6127544383655,336.29379256881793,46.40692875219883,52.13501463290661
2019-07-19,324.96343994140625,333.4828915389737,335.2637605117805,42.68602814427383,48.690222577626784
2019-07-22,327.4488525390625,332.27608373899153,334.5533143324425,40.12513230758699,46.36743207709174
2019-07-23,328.4525451660156,331.5113760243963,333.9986989536764,41.51942715486735,43.718932657627796
2019-07-24,323.959716796875,330.0010441788921,333.086064212149,26.956522812013418,39.538807834188084
2019-07-25,324.0552978515625,328.8118949134262,332.26508545209566,24.09637241194507,35.07669656613733
2019-07-26,320.1360778808594,327.0767315069129,331.1624484001651,26.37359784510008,31.814210506302583
2019-07-29,319.8015441894531,325.621694043421,330.129638926464,15.269092858952305,26.843002616575642
2019-07-30,330.5077514648437,326.59890552770554,330.1640127935894,36.497814417436096,25.838680069089396
2019-07-31,322.717041015625,325.82253262528945,329.48701535922896,28.30365039680302,26.108105586047316
2019-08-01,309.6210021972656,322.5822265396847,327.68101416268684,24.19870417439205,26.12857193853671
2019-08-02,328.40478515625,323.7467382629978,327.746811525738,45.395214800171814,29.93289532955106
2019-08-05,341.93096923828125,327.3835844580545,329.0362804086965,53.83766239260793,37.646609236282174
2019-08-06,352.2070617675781,332.3482799199593,331.1427150776857,61.4669803760159,42.64044242799814
2019-08-07,349.9606628417969,335.8707565043268,332.8534376016958,62.368995406682316,49.453511429974
2019-08-08,355.7439270019531,339.8453906038521,334.9343911835374,66.27909041168411,57.86958867743242
2019-08-09,354.7879943847656,342.8339113600348,336.73926420183085,64.69680917209224,61.729907551816495
2019-08-13,336.14764404296875,341.4966578966216,336.6854805510252,53.47731532110484,61.65783813751589
2019-08-14,345.2767028808594,342.2526668934692,337.46650076282833,59.2454743150753,61.213536925327766
2019-08-16,345.6112365722656,342.92438082922854,338.206931290959,59.32977319647544,60.60569248328638
2019-08-19,345.08551025390625,343.3566067141641,338.83225665122694,61.125343846899376,59.57494317032943
2019-08-20,342.2655334472656,343.13839206078444,339.1443727235941,59.79982320112471,58.59554597613594
2019-08-21,339.2544250488281,342.36159865839323,339.15437748043354,54.0903209822559,58.718147108366146
2019-08-22,337.1991882324219,341.329116573199,338.97663300334153,57.15636477040113,58.30032519943131
2019-08-23,340.68829345703125,341.2009519499655,339.1322384991315,66.96243352160616,59.82685726445745
2019-08-26,344.7508850097656,341.91093856192555,339.64302454555275,60.634298799675825,59.72864825501274
2019-08-27,332.9453430175781,340.1178194530561,339.03414440664596,44.02033938784438,56.57275149235668
2019-08-28,330.5555725097656,338.205370064398,338.2633651432932,33.901902430656705,52.53506778203685
2019-08-29,328.35693359375,336.2356827702684,337.3627804569711,33.92599670214442,47.8889941683855
2019-08-30,331.511474609375,335.2908411380897,336.8308435617351,31.23613178133739,40.74373382033174
2019-09-03,322.0000915527344,332.63269122101866,335.48259337909866,27.58170703818142,34.13321546803286
2019-09-04,330.4599914550781,332.19815126783055,335.0259932041877,45.48219742457643,34.42558707537927
2019-09-05,332.3717956542969,332.23288014512383,334.784702517834,38.421909190671556,35.329588427382234
2019-09-06,333.8534240722656,332.5569889305522,334.7000408409641,39.663816489818345,36.477152384917034
2019-09-09,340.7360534667969,334.1928018378012,335.2487692614943,46.56081642935706,39.54208931452096
2019-09-11,339.445556640625,335.243352798366,335.6302953868698,47.7149296538108,43.56873383764683
2019-09-12,332.2283935546875,334.6403609496303,335.32103158394415,44.67001550640282,43.40629745401211
2019-09-13,327.9267883300781,333.29764642571985,334.6488276517745,43.197744028957246,44.361464421669254
2019-09-16,328.8348999023437,332.40509712104466,334.12028876546265,40.96206791921766,44.62111470754911
2019-09-17,324.86785888671875,330.8976494741795,333.27915877648593,34.817540734609466,42.2724595685996
2019-09-18,320.8052062988281,328.87916083910926,332.1451630966988,39.486759079842976,40.626825453806035
2019-09-19,322.717041015625,327.64673687441245,331.28806108932844,43.15524839882383,40.32387203229023
2019-09-20,340.68829345703125,330.25504819093624,332.14262766821054,58.442431075159824,43.37280944153075
2019-09-23,332.6585693359375,330.7357524199365,332.1895314561857,50.73619276232498,45.327634410152214
2019-09-24,333.2798767089844,331.2445772777461,332.2886537518947,58.17172616705152,49.998471496640626
2019-09-25,326.5885314941406,330.313368121025,331.7704608193716,47.121531020574494,51.525425884786934
2019-09-26,328.8826904296875,330.0272325827575,331.5079362384912,47.42048191194473,52.3784725874111
2019-09-27,333.7100524902344,330.76379656425286,331.7081286250133,49.899000930446945,50.66978655846854
2019-09-30,350.8687438964844,334.7847860306992,333.4500027406016,56.23529102456724,51.76960621091698
2019-10-01,335.478515625,334.9235319495594,333.6344130028196,47.91980182492615,49.719221342491906
2019-10-03,329.6952209472656,333.8778697491006,333.2763046341329,48.65140006986133,50.025195152349276
2019-10-04,324.5332946777344,332.0089547348274,332.48148554718756,48.209784796806915,50.183055729321715
2019-10-07,326.4928894042969,330.9057416687213,331.9370677160157,48.77804425300408,49.958864393833146
2019-10-09,343.5559997558594,333.4357932861489,332.9933342650924,58.57832747738144,50.42747168439598
2019-10-10,360.6191101074219,338.87245665040354,335.5047684325769,66.32695100395415,54.108901520201584
2019-10-11,366.0199890136719,344.3019631230572,338.27887939449465,67.26372757067483,57.83136702036429
2019-10-14,376.2005310058594,350.68167669961764,341.72630226825504,65.09549612190918,61.20850928538473
2019-10-15,366.7369689941406,353.89273515852227,343.99999924333554,64.31154614235302,64.31520966325454
2019-10-16,368.2664184570313,356.7674718182241,346.2060373536715,64.58170475494438,65.5158851187671
2019-10-17,368.8399658203125,359.1819706186418,348.2636672142752,68.55583483598835,65.96166188517395
2019-10-18,366.5935974121094,360.66429597733537,349.9300245049874,66.56869720006662,65.82265581105231
2019-10-22,357.6080017089844,360.0530371236652,350.6280224326234,60.12969205574715,64.8294949978199
2019-10-23,344.464111328125,356.93525196455715,350.067666877669,47.18959716938962,61.40510520322723
2019-10-24,355.93511962890625,356.735225497427,350.601071673236,59.29626929921494,60.348018112081334
2019-10-25,358.6116638183594,357.1105131616135,351.32930732279266,63.52257696960149,59.34136653880396
2019-10-27,356.65203857421875,357.0188182441346,351.8131919820132,65.48386346938277,59.12439979266719
2019-10-29,344.0339660644531,354.4218478081983,351.1059896258714,57.668209773603536,58.63210333623847
2019-10-30,351.7290954589844,353.8832973383556,351.16263561069985,53.891678872846484,59.97251967692985
2019-10-31,357.7513732910156,354.65691252888763,351.76161176345585,48.47406412405727,57.808078641898305
2019-11-01,356.604248046875,355.0463796324851,352.20185142558483,44.75228313570025,54.05401987511806
2019-11-04,361.3360595703125,356.3043156200506,353.03223398419647,41.17982169107727,49.193211519456966
2019-11-05,367.0237121582031,358.44819492768113,354.3041865454698,50.17812768016185,47.69519510076863
2019-11-06,355.0747985839844,357.77351565894185,354.37424218533477,42.744487067027976,45.46575673960493
2019-11-07,355.3615417480469,357.2911208767629,354.46399669103585,42.563280002667156,44.283599915326896
2019-11-08,352.8761901855469,356.4081347385197,354.31965064508233,42.45132825399726,43.823408938986304
2019-11-11,355.12261962890625,356.151031716597,354.39264782542995,48.52272640699331,45.29198988216951
2019-11-13,352.35040283203125,355.3909059396839,354.20698918966644,55.346717956272514,46.32570793739164
2019-11-14,346.5193786621094,353.616600484169,353.508115505343,43.08773259885661,46.394357043757374
2019-11-15,375.7225341796875,358.03778722327274,355.52760811210163,59.040405131606825,49.6897820695453
2019-11-18,391.1606140136719,364.6623525813526,358.76697228497164,65.95934884306482,54.391386187358805
2019-11-19,419.9814453125,375.7261711275821,364.3319243783833,80.54595787373904,60.79603248070796
2019-11-20,418.0218505859375,384.18530701925323,369.2128267608882,77.952470990195,65.31718308749245
2019-11-21,407.50677490234375,388.8496005958714,372.6940947737478,70.21361113583835,70.7423587948888
2019-11-22,402.1058349609375,391.5008474688847,375.36788933621955,67.86788895658438,72.50785555988432
2019-11-25,431.500244140625,399.50072680323274,380.47083068207456,73.08177901390685,73.93234159405272
2019-11-26,413.29010009765625,402.25860146211744,383.4544006289456,64.06162842746264,70.63547570479746
2019-11-27,414.2459411621094,404.6560694021158,386.25363158650595,69.2714974024647,68.89928098725139
2019-11-28,417.4004821777344,407.2049519572396,389.08516345843583,69.83498910139701,68.82355658036312
2019-11-29,422.94482421875,410.35292640954174,392.1633144366462,71.97244191919724,69.64446717288568
2019-12-02,438.3828430175781,415.95890973114905,396.36508976218545,74.11407689116281,69.85092674833689
2019-12-03,438.86077880859375,420.539283546638,400.2283342209498,75.39285503141443,72.11717206912724
2019-12-04,441.0593566894531,424.64329817520104,403.9402453544501,78.35436832599827,73.93374625383396
2019-12-05,427.6287841796875,425.2403953760984,406.09374888401715,67.19445705854022,73.40563984526258
2019-12-06,425.2389831542969,425.24011293173805,407.83422472676983,62.3570290368272,71.48255726878858
2019-12-09,426.1949157714844,425.43107349968733,409.5033784581075,52.82364437250144,67.22447076505631
2019-12-10,427.294189453125,425.80369669037486,411.12072491219993,54.24692183570525,62.99528412591447
2019-12-11,423.2315979003906,425.289276932378,412.2217133656718,57.654744321904204,58.85535932509566
2019-12-12,419.3123168945313,424.0938849248087,412.8663136864772,58.498600905718384,57.116188094531296
2019-12-13,408.9406433105469,421.06323660195636,412.50943456139265,36.2790383431045,51.90058995578676
2019-12-16,403.2529602050781,417.50118132258075,411.6679368926368,42.79831642414866,49.8955243661162
2019-12-17,420.5549926757813,418.11194359322093,412.4758510547409,53.66667789954616,49.77947557888438
2019-12-18,418.9777221679688,418.2850993081705,413.06693024685245,50.93377552602228,48.435281819707996
2019-12-19,429.6361999511719,420.55531943677084,414.57322749269963,53.735313889160516,47.482624416396426
2019-12-20,433.7944030761719,423.2031361646511,416.32060709119713,47.0695615159368,49.64072905096289
2019-12-23,434.7503356933594,425.5125760703928,417.99603696412095,47.39076816501211,50.55921939913557
2019-12-24,436.9967346191406,427.8094077801424,419.72337311457727,47.422688795150954,49.31042157825653
2019-12-26,427.8200073242188,427.8115276889577,420.45943076999924,50.12823220466077,49.149312913984225
2019-12-27,435.0370788574219,429.25663792265055,421.7846715052194,56.170975365610275,49.636445209274186
2019-12-30,440.1990966796875,431.44512967405797,423.4587101574438,58.37624382627375,51.89778167134157
2019-12-31,435.7062683105469,432.2973574013558,424.57212453499864,54.8351844581991,53.38666492997898
2020-01-01,433.31646728515625,432.5011793781159,425.36706478501293,55.91034530863514,55.08419623267581
2020-01-02,435.1327209472656,433.0274876919459,426.25485170885406,59.50604081192558,56.95975795412877
2020-01-03,435.0370788574219,433.4294059250411,427.05323599508745,67.88987178961483,59.30353723892968
2020-01-06,429.8273620605469,432.7089971521423,427.3054292737656,68.33770231089714,61.29582893585435
2020-01-07,425.47796630859375,431.2627909834326,427.13929627693176,54.13655376422389,61.15610279705932
2020-01-08,438.6217651367188,432.7345858140899,428.1831570823669,63.819766962543646,62.737987127841016
2020-01-09,439.8166809082031,434.1510048329125,429.2407501574429,58.26221001251244,62.48922096795839
2020-01-10,436.8533630371094,434.6914764737519,429.9328058737762,52.53167242528945,59.41758109509332
2020-01-13,448.2287292480469,437.39892702861096,431.59607163507354,59.51417108705319,57.65287485032452
2020-01-14,448.6588745117188,439.65091652523256,433.1472355329504,58.44874464360494,58.51531302620073
2020-01-15,447.2250061035156,441.1657344408892,434.4270328575472,65.83457472267331,58.91827457822667
2020-01-16,453.0083312988281,443.534253812477,436.11624180675454,65.01598796440317,60.26903016860481
2020-01-17,478.0055541992188,450.4285138898254,439.92436111516037,73.72524235773571,64.50774415509406
2020-01-20,486.274169921875,457.59764509623534,444.1379800975889,80.29782028754428,68.66447399519228
2020-01-21,489.1897277832031,463.91606163362894,448.2335935235538,83.26694559088115,73.62811418464753
2020-01-22,491.8184814453125,469.49654559596564,452.1958560618955,83.4272907265978,77.14665738543242
2020-01-23,500.5650939941406,475.7102552756007,456.59305951028136,85.06399047377049,81.15625788730588
2020-01-24,501.1387023925781,480.79594469899615,460.642663408672,90.15074506537229,84.44135842883321
2020-01-27,491.722900390625,482.9813358373219,463.4681394979404,85.28512380842152,85.43881913300865
2020-01-28,469.5934753417969,480.30376373821696,464.02498821101824,65.05578116326146,81.79658624748471
2020-01-29,468.6375427246094,477.97051953549544,464.4443113486174,64.04285172183671,77.9196984465325
2020-01-30,468.2073669433594,476.0178890170683,464.78640731177575,65.66377990258465,74.03965633229532
2020-01-31,474.5642395019531,475.7271591140453,465.6753011472464,63.85118390302779,68.77974409982642
2020-02-03,487.5646667480469,478.0946606408457,467.6652434745919,68.07281948544137,65.33728323523039
2020-02-04,496.0245056152344,481.68062963572345,470.24335821465024,71.27968594051501,66.58206419068111
2020-02-05,509.8375244140625,487.3120085913913,473.84282786914224,73.15931605248974,68.40535705681171
2020-02-06,522.6945190429688,494.38851068170686,478.2838907031265,70.21180624951,69.31496232619679
2020-02-07,515.6685180664062,498.64451215864676,481.68249319069736,63.44552712880929,69.23383097135307
2020-02-10,514.9515991210938,501.9059295511362,484.7069573661879,62.02585166703563,68.02443740767193
2020-02-11,510.74560546875,503.673864734659,487.0741071936935,58.70712030629997,65.50992428082893
2020-02-12,515.81201171875,506.1014941314772,489.68664396869866,57.25992426943898,62.330045924218766
2020-02-13,516.1466064453125,508.1105165942443,492.0920951029363,57.16241908436548,59.720168491189874
2020-02-14,540.09228515625,514.5068703066455,496.4557487441466,70.27245709187075,61.08555448380216
2020-02-17,539.9488525390625,519.595266753129,500.40966727095713,86.14927765890423,65.91023968217588
2020-02-18,524.0806274414062,520.4923388907845,502.5615727409979,74.7018457459465,69.1091847701052
2020-02-19,519.4443969726562,520.2827505071589,504.09637494387596,72.00324281905085,72.05784848002756
2020-02-20,521.5474853515625,520.5356974760397,505.6828395263929,70.94159628990718,74.8136839211359
2020-02-24,506.5395812988281,517.7364742405974,505.7607251420688,58.308896320069096,72.42097176677558
2020-02-25,511.6537170410156,516.5199228006811,506.29645167833667,57.05043557748433,66.6012033504916
2020-02-26,512.3229370117188,515.6805256428887,506.8443139813714,51.27202879862454,61.91523996102719
2020-02-27,508.2124633789063,514.1869131900922,506.9686911993291,41.85928503447062,55.88644840411115
2020-02-28,500.4217224121094,511.4338750344957,506.3735122186728,41.50246435286118,49.99862201670195
2020-03-02,495.4987487792969,508.24684978345596,505.38489736054765,39.6438260286378,46.26560795841569
2020-03-03,497.8407287597656,506.16562557871794,504.69906385138563,42.9906768229392,43.45365620750667
2020-03-04,493.9692993164063,503.72636032625564,503.723630711842,37.98003159905743,40.795256767593244
2020-03-05,503.671875,503.7154632610045,503.7189256471291,43.77682860808812,41.17876548231675
2020-03-06,496.2635192871094,502.2250744662255,503.0411614325818,23.815052551087902,37.64128312196209
2020-03-09,474.3730163574219,496.65466284446484,500.4349664257491,18.903081256166786,33.493134167467886
2020-03-11,472.0310363769531,491.7299375509625,497.8527909667676,21.684968817226036,29.231992566325253
2020-03-12,444.4529113769531,482.2745323161607,492.9982564586026,17.3534131221338,25.10666887094053
2020-03-13,470.16705322265625,479.8530364974598,490.92269252806204,31.44635707525731,22.64057456437437
2020-03-16,444.30950927734375,472.74433105343667,486.6851304143604,29.161365430771014,23.70983714031099
2020-03-17,434.6547546386719,465.12641577048373,481.95509625293414,24.976743097410804,24.924569508559795
2020-03-18,406.7898559570313,453.45910380779327,475.1218925896702,20.85534284609504,24.758644314333594
2020-03-19,425.1434020996094,447.79596346615654,470.57839345421013,28.732256676780636,27.03441302526296
2020-03-20,442.2542419433594,446.6876191615971,468.0034705895873,35.78602131613563,27.902345873438623
2020-03-23,389.3921508789063,435.228525505059,460.8569869795254,28.99318228697227,27.868709244678875
2020-03-24,386.2376403808594,425.4303484802191,454.0734100160103,27.975853362584743,28.46853129771366
2020-03-25,410.1832885742188,422.38093649901907,450.08339897584744,34.67924231808112,31.233311192110882
2020-03-26,449.9494018554688,427.89462957030906,450.07121741944934,41.14959918304209,33.71677969336317
2020-03-27,429.1582336425781,428.1473503847629,448.1700370760974,39.4117577946084,34.44192698905773
2020-03-30,412.0473327636719,424.92734686054473,444.88615486587685,40.015310306012516,36.646352592865775
2020-03-31,421.463134765625,424.23450444156083,442.7567894022176,42.078468533906985,39.46687562713022
2020-04-01,402.7749328613281,419.94259012551436,439.1220751712276,43.284031571696254,41.18783347785325
2020-04-03,405.2603454589844,417.00614119220836,436.0437361064782,38.69463108688749,40.696839858622326
2020-04-07,449.4714660644531,423.49920616665736,437.26443882993044,50.84507254762991,42.983502809226636
2020-04-08,441.2983093261719,427.0590267985603,437.6311543295887,51.09292931524235,45.1990266110726
2020-04-09,467.1558837890625,435.07839819666077,440.31522064408625,59.996822160457846,48.782697336382775
2020-04-13,489.6199035644531,445.9866992702193,444.79746454593777,60.534117468268995,52.23271451569732
2020-04-15,487.9948120117188,454.3883218185192,448.724496133736,57.87135471935093,56.06805924219001
2020-04-16,478.3878784179688,459.18823313840915,451.4211672504844,67.99379123585899,59.49780297983582
2020-04-17,480.2997131347656,463.41052913768044,454.0464896036009,69.11419104157137,63.10205532510163
2020-04-20,468.6853637695313,464.4654960640506,455.3772963459582,62.51532918844613,63.6057567306993
2020-04-21,478.4356689453125,467.259530640303,457.4735120368086,56.99200932909105,62.89733510286369
2020-04-22,479.2960205078125,469.66682861380497,459.4573764432635,63.64107519485829,64.05127919796517
2020-04-23,474.1340637207031,470.5602756351846,460.79162074121257,68.06673347070671,64.06586764493471
2020-04-24,472.4612731933594,470.9404751468196,461.85249823686223,65.54033859215967,63.351097155052365
2020-04-27,472.2700805664063,471.20639623073697,462.7995511759117,73.86737210372362,65.62150573810786
2020-04-28,464.2403259277344,469.8131821701365,462.9305306988046,69.51293979575314,68.12569183144028
2020-04-29,474.1340637207031,470.67735848024984,463.9490337007954,60.556439456283506,67.50876468372533
2020-04-30,491.6272888183594,474.86734454787177,466.465238711483,69.95073951218572,67.88556589202113
2020-05-04,509.0249633789063,481.6988683140787,470.3343045903396,67.79040311044125,68.33557879567745
2020-05-05,504.7711181640625,486.3133182840755,473.4649240061326,57.61650463840109,65.08540530261294
2020-05-06,521.9298095703125,493.4366165413229,477.8708226937853,64.75477746728552,64.1337728369194
2020-05-07,504.7711181640625,495.7035168658708,480.3163041001742,60.76441616409331,64.17536817848138
2020-05-08,506.68304443359375,497.89942237941545,482.71328049412136,60.7644454759593,62.3381093712361
2020-05-11,512.5619506835938,500.8319280402511,485.4267959658916,68.7806872480556,62.53616619875896
2020-05-12,535.169189453125,507.69938032282596,489.94883173745825,71.87611937418126,65.388089145915
2020-05-13,531.4412231445312,512.447748887167,493.7208673199194,69.67185295298722,66.37150424305534
2020-05-14,516.051025390625,513.1684041878586,495.7508816899836,64.68031921158592,67.15468485255386
2020-05-15,529.6727294921875,516.4692692487245,498.83468603563847,68.48933456128407,68.6996626696188
2020-05-18,514.3302612304688,516.0414676450733,500.24337468971396,62.38039801155908,67.4196048223195
2020-05-19,572.4022216796875,527.3136184519961,506.8032698706206,74.59250705631857,67.96288235874697
2020-05-20,567.8615112304688,535.4231970076906,512.3540190851522,71.84226827365444,68.39696542288041
2020-05-21,568.3395385742188,542.0064653209963,517.4436117659765,69.41688934837077,69.3442794502374
2020-05-22,567.0491333007812,547.0149989169533,521.9532046327769,65.99054563118943,68.84452166421846
2020-05-26,534.5957641601562,544.531151965594,523.102528226175,57.11356294664758,67.79115465123616
2020-05-27,538.2760009765625,543.2801217677877,524.4819348398465,54.166677038656,63.70598864770365
2020-05-28,537.94140625,542.2123786642302,525.7055231498605,59.24840834569377,61.18721666211151
2020-05-29,528.2388916015625,539.4176812516966,525.9358293727424,55.75989006383043,58.45581680520345
2020-06-01,534.4044799804688,538.4150409974511,526.7057067007175,55.82756549798793,56.42322077856314
2020-06-02,533.4963989257812,537.4313125831172,527.3230423575415,49.49525904093508,54.899559997420646
2020-06-03,527.3307495117188,535.4111999688375,527.3237430079212,48.777703405137615,53.821765270716966
2020-06-04,547.2138061523438,537.7717212055388,529.131930566505,59.02545052920145,53.7771737074185
2020-06-05,558.5891723632812,541.9352114370873,531.8098616389392,58.48526866933911,54.32224942852024
2020-06-08,559.3538818359375,545.4189455168574,534.31386347503,64.44784890364184,56.04630610965103
2020-06-09,542.7687377929688,544.8889039720797,535.0824884130244,37.04008400862508,53.55527110318902
2020-06-10,542.0997314453125,544.3310694667263,535.7204195977778,38.33841610824294,51.46741364381008
2020-06-11,527.5219116210938,540.9692378975998,534.9751006908065,33.61468855569461,46.38526124910872
2020-06-12,535.408203125,539.8570309430798,535.0144736393695,37.93725291269252,42.2756580977794
2020-06-15,526.4225463867188,537.1701340318076,534.2333893436739,46.20498897573528,38.627086112198086
2020-06-16,520.8782958984375,533.9117664051337,533.0192899395615,42.05930366664252,39.63093004380157
2020-06-17,538.610595703125,534.851532264732,533.5275904635218,50.26357365878895,42.01596155391078
2020-06-18,536.1729125976562,535.1158083313169,533.7680742938977,53.314664530174966,45.95595674880685
2020-06-19,547.2615966796875,537.544966000991,534.9947581471513,55.159203470769384,49.400346860422225
2020-06-22,555.4346923828125,541.1229112773553,536.8529339867569,58.318232920797,51.82299564943456
2020-06-23,553.2838745117188,543.5551039242281,538.3466558526625,60.14952562539444,55.441040041184955
2020-06-24,532.7794799804688,541.3999791354763,537.8405489551903,44.38244736899614,54.264814783226385
2020-06-25,534.3567504882812,539.9913334060373,537.5238400036532,39.79060957433787,51.560003792058964
2020-06-26,535.6950073242188,539.1320681896735,537.3575824873409,40.08019232235799,48.544201562376685
2020-06-29,542.0997314453125,539.7256008408013,537.7886869380656,49.693314016117455,46.81921778144078
2020-06-30,535.169189453125,538.814318563266,537.5505508030709,46.99538949066361,44.18839055449462
2020-07-01,535.4559936523438,538.1426535810816,537.3601365166412,53.92617846968683,46.09713677463275
2020-07-02,533.8309936523438,537.280321595334,537.0393053471596,49.167958363465765,47.97260653245833
2020-07-03,555.8170776367188,540.987672803611,538.7463755553014,63.63636878449441,52.68384182488561
2020-07-06,551.1807861328125,543.0262954694513,539.8767765168933,64.17700843522806,55.580580708707735
2020-07-07,542.1474609375,542.8505285630611,540.0832023733121,51.801343640462406,56.54177153866749
2020-07-08,536.5553588867188,541.5914946277926,539.7624893290763,50.188718114288605,55.794279467587856
2020-07-09,543.5813598632812,541.9894676748903,540.1096593776404,48.108133547943794,55.58231450448345
2020-07-10,549.3645629882812,543.4644867375686,540.951014251335,46.800979652335364,52.215236678051646
2020-07-13,560.93115234375,546.9578198588049,542.7673904415545,53.66633171358059,50.113101333722156
2020-07-14,563.3688354492188,550.2400229768878,544.6402490786149,67.73833220546305,53.30049904672228
2020-07-15,538.7539672851562,547.9428118385415,544.1051325519369,52.012244852357924,53.66520439433615
2020-07-16,537.94140625,545.9425307208332,543.5447937972153,51.03296217233867,54.25017011921513
2020-07-17,541.7650756835938,545.1070397133853,543.3830012414315,49.84237358982866,54.85844890671378
2020-07-20,550.3682861328125,546.1592889972708,544.018027140648,57.04788287849732,55.53475913969712
2020-07-21,542.720947265625,545.4716206509416,543.9001107883731,53.153522155911354,52.61779712978679
2020-07-22,544.0592651367188,545.1891495480971,543.9145793654955,54.450896713061375,53.105527501927476
2020-07-23,542.1952514648438,544.5903699314465,543.7582768290725,42.81391392152039,51.46171785176382
2020-07-24,534.786865234375,542.6296689920322,542.9426939568273,41.5972795755437,49.81269904890682
2020-07-27,534.834716796875,541.0706785530008,542.2056051241043,45.87157543923002,47.577437561053365
2020-07-28,539.7098999023438,540.7985228228694,541.9787228312169,51.795436165511944,47.305820362973485
2020-07-29,541.2393798828125,540.8866942348579,541.9115098359074,48.57807347874133,46.13125571610948
2020-07-30,528.33447265625,538.3762499191364,540.6772337286658,38.24794006315389,45.218060944436175
2020-07-31,530.3897094726562,536.7789418298404,539.7420042508468,30.902695882556344,43.07914420583871
2020-08-03,523.2202758789062,534.0672086396536,538.2400289443067,26.298000769655403,39.16442927192378
2020-08-04,524.797607421875,532.2132883960979,537.0179906240857,38.682243980569936,36.54179083493538
2020-08-05,534.3089599609375,532.6324227090658,536.7717151092539,47.418513621836574,36.30987886355443
2020-08-06,532.7260131835938,532.6511408039714,536.403924025103,43.36485077007445,37.333261004938535
2020-08-07,538.00244140625,533.7214009244271,536.5492437870255,40.45671650227511,39.2440651288823
2020-08-10,536.1317138671875,534.2034635129793,536.5112865215856,44.41700125976629,42.86786522690447
2020-08-11,528.69677734375,533.1021262791335,535.8008765963277,38.20234304179208,42.7718850391489
2020-08-12,525.4349365234375,531.5686883279943,534.8585184078831,37.39940438770781,40.76806319232315
2020-08-13,513.5870361328125,527.972357888958,532.9247472919676,35.05908607571415,39.10691025345109
2020-08-14,507.1114501953125,523.8001763502289,530.5780839195444,32.08473089508111,37.43251313201229
2020-08-17,500.2041015625,519.0809613926831,527.8168127961767,25.124002770221495,33.57391343410333
2020-08-18,504.9049377441406,516.2457566629746,525.7339150641734,27.9996097383584,31.533366773416596
2020-08-19,514.066650390625,515.8099354085047,524.6732546393054,40.95067396505137,32.24362068888531
2020-08-20,504.1853942871094,513.4850271842256,522.8107218800147,34.88089959970603,32.207983393683676
2020-08-21,499.1008605957031,510.60819386652116,520.6552799450773,35.740768471626595,32.939190908992785
2020-08-24,505.4805603027344,509.58266715376385,519.2757599775915,39.19351495829733,35.75309334660794
2020-08-25,507.1593627929688,509.09800628160485,518.1742693244439,33.35290630571565,36.82375266007939
2020-08-26,493.5845947265625,505.9953239705964,515.9388443610001,29.076900489396436,34.44899796494841
2020-08-27,490.3707885742188,502.87041689132093,513.6144756531108,23.96430654177675,32.26567935336256
2020-08-28,502.1707763671875,502.7304887864943,512.5741393543905,33.25447352122052,31.768420363281336
2020-08-31,492.2415161132813,500.6326942518517,510.72571905974416,32.45611406993318,30.420940185608504
2020-09-01,524.0439453125,505.3149444639814,511.9364669009038,49.47485163809881,33.64532925208514
2020-09-02,528.1690673828125,509.88576904774766,513.4121578538045,55.846134722044816,38.99917609861482
2020-09-03,516.1292724609375,511.13446973038566,513.6591682726348,53.46095590670776,44.89850597160101
2020-09-04,501.8829650878906,509.2841688018867,512.588604346749,50.60997095672071,48.36960545870105
2020-09-07,494.4959716796875,506.32652937744695,510.94381955883426,46.29057941745258,51.13649852820494
2020-09-08,477.851318359375,500.63148717383257,507.9354103588834,37.74749117124379,48.79102643483393
2020-09-09,483.7512817382813,497.2554460867223,505.73685321155597,42.89525637388088,46.20085076520114
2020-09-10,477.13177490234375,493.23071184984667,503.1363915470821,42.44223194486468,43.99710597283253
2020-09-11,471.66351318359375,488.9172721165961,500.2752207867649,38.2929005629168,41.53369189407175
2020-09-14,454.8269653320313,482.09921075968316,496.1435611999709,33.60384444750409,38.99634490008204
2020-09-15,465.81146240234375,478.8416610882153,493.3860976729139,41.15489178502324,39.67782502283794
2020-09-16,462.16595458984375,475.506519788541,490.5479028471802,41.04203675861098,39.30718109978396
2020-09-17,459.5277404785156,472.31076392653597,487.72788808639245,35.61951788803549,37.94263828841812
2020-09-18,474.4456481933594,472.73774077990066,486.52041173248034,44.19406027579693,39.122870230994145
2020-09-21,448.7350463867188,467.9372019012643,483.0853785192293,24.413253022541696,37.28475194600166
2020-09-22,451.8049926757813,464.71076005616777,480.24170707891585,23.86737654275862,33.82724889754875
2020-09-23,416.1651916503906,455.00164637501234,474.4165693126863,20.54833515104707,29.72850857603596
2020-09-24,402.2546691894531,444.45225093790054,467.8563965742106,20.58907260020338,26.722419518469536
2020-09-25,421.77740478515625,439.9172817073517,463.66739732066014,29.968293498166332,23.87726616294342
2020-09-28,425.6148071289063,437.05678679166266,460.2080709395916,34.5180578609872,25.898227130632517
2020-09-29,417.8920593261719,433.22384129856454,456.3611607929171,30.689185979941428,27.262589018069082
2020-09-30,403.8376159667969,427.346596232211,451.5862930814516,29.407025627790404,29.03432711341775
2020-10-01,414.7742004394531,424.83211707365945,448.23973920490624,34.49269459655196,31.815051512687468
2020-10-05,407.1952819824219,421.30475005541194,444.50842491195306,36.32608091152276,33.08660899535875
2020-10-06,409.4018249511719,418.924165034564,441.3169158246093,32.94667224891464,32.772331872944235
2020-10-07,405.2766418457031,416.19466039679185,438.04052728107234,32.851395484942,33.20477377394435
2020-10-08,407.1952819824219,414.3947847139179,435.2364140721041,34.15627252064972,34.154623152516216
2020-10-09,407.9148254394531,413.09879285902497,432.7526332873176,27.9631565923669,32.848715551679206
2020-10-12,398.1774291992188,410.11452012706377,429.60943291567224,31.272238673961212,31.837947104166894
2020-10-13,398.4172668457031,407.77506947079166,426.7737814547659,29.800376463437516,31.208687947071475
2020-10-14,396.45062255859375,405.5101800883521,424.01713064602296,39.990281691493905,32.63646518838185
2020-10-15,382.9718017578125,401.0025044222442,420.2857371107311,40.166361995459965,33.838483083343895
2020-10-16,385.3221740722656,397.8664383522485,417.10723137996143,27.461454486313272,33.73814266213317
2020-10-19,381.5327758789063,394.5997058575801,413.8731899707746,22.72997754180136,32.029690435701205
2020-10-20,388.5359802246094,393.386960730986,411.56980726657775,31.67662133919103,32.4049394108519
2020-10-21,401.9668884277344,395.1029462703357,410.69681464486473,48.82317526894188,34.1715181263415
2020-10-22,413.1432800292969,398.711013022128,410.919220588904,48.97711769290486,35.93366926583048
2020-10-23,416.7408142089844,402.31697325949926,411.4484563725477,56.301478486716846,41.7016740659112
2020-10-26,416.405029296875,405.13458446697445,411.89905391112285,54.74024410043789,48.1037273776385
2020-10-27,415.7335205078125,407.2543716751421,412.24764178354917,57.425074467222956,53.25341800324488
2020-10-28,433.4814453125,412.4997864026137,414.17798755890834,65.23919131944018,56.53662121334455
2020-10-29,432.4741516113281,416.4946594443566,415.8412752000374,64.19072520890396,59.579342716544375
2020-10-30,416.1172180175781,416.41917115900094,415.8663609107229,59.62925190905716,60.24489740101243
2020-11-02,438.8058166503906,420.89650025727894,417.9517659779654,67.46889671237565,62.79062792339998
2020-11-03,436.1196594238281,423.94113209058884,419.60339265486203,67.05156179778524,64.71592538951245
2020-11-04,434.6326599121094,426.07943765489296,420.96968967824813,74.75862569263394,66.6198122641512
2020-11-05,438.7098693847656,428.6055240008675,422.5824332879315,75.16961428253262,68.81559007887692
2020-11-06,431.6106872558594,429.2065566518659,423.4031836486522,72.89472061362397,71.46868381979029
2020-11-09,452.6204223632813,433.88932979414903,426.05929625907305,75.97200258542708,73.16930499440056
2020-11-10,447.4399719238281,436.59945822008484,428.00299404677804,69.7500045065249,73.70899353614851
2020-11-11,459.14398193359375,441.10836296278666,430.83399294557944,69.88801183872584,72.73487076536688
2020-11-12,460.3431701660156,444.9553244034325,433.51664542016454,69.25032228440358,71.55101236574107
2020-11-13,456.4098815917969,447.24623584110543,435.5978487084947,67.1182595691546,70.3957201568472
2020-11-14,461.9260864257813,450.18220595804064,437.99132486461167,68.97911096332118,68.99714183242602
2020-11-17,464.8521423339844,453.1161932332294,440.43321736182736,64.67685658227293,67.98251224757561
2020-11-18,458.9521179199219,454.2833781705679,442.1167537761996,61.84547675712751,66.37400523125595
2020-11-19,449.5025939941406,453.3272213352825,442.78819379601237,65.91953531229572,65.70784783683439
2020-11-20,464.0367126464844,455.4691195975229,444.71987732787346,63.045674994698196,64.8933309219431
2020-11-23,457.8489074707031,455.94507717215896,445.91342552267616,60.842527344480445,63.26601419817496
2020-11-24,454.9708557128906,455.7502328803053,446.7368282672411,60.009462130451226,62.33253530781062
2020-11-25,445.2334289550781,453.64687209525994,446.60015560249894,53.04114286559755,60.571668529504635
2020-11-26,449.3586730957031,452.7892322953486,446.850929920063,58.509682524632105,59.08969797197191
2020-11-27,444.4179992675781,451.11498568979454,446.62975440620073,45.35073635208452,55.55071024344917
2020-12-01,459.95947265625,452.88388308308566,447.84154697438703,56.35036437595413,54.65227764974391
2020-12-02,465.18792724609375,455.3446919156873,449.41849063545123,53.281274230810524,53.306640069815764
2020-12-03,460.3911743164063,456.35398839583115,450.41600733371985,50.025081822869744,52.703427861270214
2020-12-04,473.6781311035156,459.81881693736807,452.53074585824675,58.21915858229443,52.64532307280267
2020-12-07,488.26025390625,465.5071043311445,455.77888295351977,61.53846565275411,55.88286893293658
2020-12-08,483.127685546875,469.0312205742906,458.26513773473386,57.85563749520217,56.183923556786205
2020-12-09,482.6000671386719,471.7449898871669,460.4774040441827,60.65714592209751,57.65909789504359
2020-12-10,484.6147155761719,474.3189350249679,462.6717050925453,66.96009721858617,61.04610097418688
2020-12-11,483.8951416015625,476.2341763402868,464.6011084115469,61.069435972005294,61.616156452129054
2020-12-14,482.6000671386719,477.50735449996387,466.23737738674004,64.59270140024415,62.227003601627054
2020-12-15,483.7033081054688,478.7465452210649,467.8251892702608,67.30207105517636,64.1162903136219
2020-12-16,495.2154846191406,482.0403331006801,470.315216120159,79.46826526066398,67.87851418133519
2020-12-17,494.16021728515625,484.46430993757536,472.48294349879507,77.40604739120619,69.96770421585919
2020-12-18,489.89111328125,485.5496706063103,474.06550438810916,78.04730495618222,73.36327801269458
2020-12-21,470.9440002441406,482.6285365338764,473.78173128411197,56.50197710567626,71.745133153781
2020-12-22,479.96185302734375,482.0951998325699,474.34356053349666,58.36954108874296,69.95862716049433
2020-12-23,486.5813598632813,482.99243183871226,475.45608774529524,64.53672530365867,66.97231916909325
2020-12-24,496.2707824707031,485.6481019651104,477.3483327203323,63.061557190493836,64.10342112895079
2020-12-28,500.3959655761719,488.59767468732275,479.4435720708632,57.98104360901169,60.09016885951668
2020-12-29,499.1008605957031,490.69831186899887,481.2305983003941,61.06315188300738,61.002403814982905
2020-12-30,495.1675720214844,491.592163899496,482.4975959114023,58.31222034371786,60.99093966597788
2020-12-31,488.979736328125,491.0696783852218,483.0868814038316,52.73601273195748,58.63079715163765
2021-01-01,494.2081909179688,491.6973808917712,484.0979095414805,56.118425197762804,57.24217075309144
2021-01-04,496.0789184570313,492.57368840482326,485.1870921701669,57.94235219861143,57.234432471011395
2021-01-05,493.10491943359375,492.6799346105774,485.9068946486602,55.42035592858904,56.10587328012772
2021-01-06,503.9455871582031,494.9330651201026,487.5467757858914,55.07248381269323,55.4579259739228
2021-01-07,523.0845947265625,500.5633710413946,490.7774865986797,63.88762062730593,57.68824755299248
2021-01-08,518.287841796875,504.10826519249065,493.2784279803338,63.5655429401165,59.177671101463226
2021-01-11,524.9073486328125,508.2680818805551,496.1537844032864,79.22077106555848,63.43335487485264
2021-01-12,542.751220703125,515.164709645069,500.389914975999,81.03365993749469,68.55601567663376
2021-01-13,554.7430419921875,523.0803761144928,505.33110834110704,81.99008295712349,73.93953550551981
2021-01-14,556.9495849609375,529.8542178837818,510.02369712472796,80.62953495343615,77.28791837074587
2021-01-15,578.151123046875,539.5135989164004,516.2170994812867,83.47788976430094,81.27038773558276
2021-01-18,563.0894165039062,544.2287624339016,520.4782192106157,74.6307404127832,80.3523816050277
2021-01-19,568.221923828125,549.0273947127463,524.8185559940257,77.86314700752072,79.7182790190329
2021-01-20,571.9153442382812,553.6049846178532,529.1000821980489,82.24543911198478,79.76935025000516
2021-01-21,557.7169799804688,554.4273836903764,531.7016183600871,73.08228118231337,78.2598994957806
2021-01-22,553.3999633789062,554.2218996280824,533.6741951799797,70.46935660064321,75.65819286304905
2021-01-25,557.1414184570312,554.8058033938721,535.8075791142571,72.74278941198504,75.28060266288944
2021-01-27,547.5958862304688,553.3638199611914,536.8792433975491,65.64649730231861,72.837272721849
2021-01-28,547.6918334960938,552.2294226681719,537.8622061337804,60.21505158390118,68.43119521623228
2021-01-29,531.0951538085938,548.0025688962563,537.2470195587634,54.842233665033326,64.78318571277627
2021-02-01,555.6065063476562,549.5233563865363,538.9160638122992,60.22366340807616,62.73404707426287
2021-02-02,574.9853515625,554.6157554217291,542.1950899714083,60.626211767697946,60.31073154540544
2021-02-03,584.09912109375,560.5124285561333,546.0045473461666,59.86462672877599,59.15435743069692
2021-02-04,576.1844482421875,563.6468324933442,548.7481747003503,56.2247617301908,58.35629945995485
2021-02-05,557.4771728515625,562.4129005649879,549.5417199868241,43.19974077577747,56.027800882103676
2021-02-08,573.0186157226562,564.5340435965217,551.6759832355361,53.25572533750032,54.6342132679885
2021-02-09,574.6015625,566.5475473772174,553.7601268050328,52.141699163843136,52.937310747217545
2021-02-10,566.207275390625,566.4794929798989,554.8916857673594,48.142383436402945,50.59286208874293
2021-02-11,573.7861328125,567.9408209464191,556.6093627714631,55.46495171616135,50.44090008593705
2021-02-12,562.4177856445312,566.8362138860415,557.1374012144693,52.92650732518165,52.38625339581788
2021-02-15,569.5650024414062,567.3819715971144,558.2671831441908,53.94456661858079,52.524021652033966
2021-02-16,569.8048095703125,567.8665391917541,559.3160582738382,57.494332975921886,53.59454841444972
2021-02-17,569.7089233398438,568.2350160213721,560.2608641889295,57.42960241221928,55.45199220961299
2021-02-18,565.10400390625,567.6088135983478,560.7011496177768,62.48676141230128,56.85635414884098
2021-02-19,557.7169799804688,565.6304468747719,560.4298614689305,50.88634175500692,56.44832103480603
2021-02-22,547.1162109375,561.9275996873175,559.2195296024369,37.36405388143118,53.13221848737611
2021-02-23,542.559326171875,558.053944984229,557.704965654204,30.35392426168596,47.704136744528924
2021-02-24,549.6585083007812,556.3748576475396,556.9734695311655,37.35714273246833,43.689644808578734
2021-02-25,555.6065063476562,556.221187387563,556.8492001508465,48.98493952161768,40.989280430442015
2021-02-26,533.6853637695312,551.7140226639567,554.7433968434542,30.03900292274126,36.819812663988884
2021-03-01,510.5650634765625,543.4842308264779,550.7271847191913,23.33204209635882,34.013410306974414
2021-03-02,519.19921875,538.6272284111824,547.8610059947193,30.462558776196886,34.035137209876595
2021-03-03,524.0918579101562,535.7201543109773,545.7001743506681,28.874404846849416,32.338589632752814
2021-03-04,517.6642456054688,532.1089725698755,543.15145355565,30.140525092141388,28.569706746857555
2021-03-05,511.14068603515625,527.9153152629317,540.2413837810597,23.92979195558698,27.3478645534267
2021-03-08,504.3293151855469,523.1981152474548,536.9766502723767,22.40195850172354,27.161847834499646
2021-03-09,500.5398254394531,518.6664572858544,533.6642116512018,21.725487358676276,25.41443355099552
2021-03-10,504.4732055664063,515.8278069419648,531.0104838253112,25.0788995705054,24.655332495726718
2021-03-12,502.8902587890625,513.2402973113844,528.4540997311068,26.33544368490992,23.894316214280423
2021-03-15,501.5951843261719,510.91127471434197,526.01238014884,28.635794764940243,24.835516776151074
2021-03-16,507.7829895019531,510.2856176718642,524.3551628173047,33.92465025864709,27.14005512753579
2021-03-17,501.6431274414063,508.55711962577266,522.2904323285867,27.60629894362893,28.31621744452632
2021-03-18,505.7683715820313,507.9993700170244,520.7884268061725,26.354162262592695,28.57126998294377
2021-03-19,508.4065246582031,508.08080094526014,519.6627993381753,35.320341804728685,30.36824960690753
2021-03-22,506.5357971191406,507.7718001800363,518.4694355000812,46.8934920292075,34.01978905976098
2021-03-23,507.7350158691406,507.7644433178572,517.4935791699957,40.0167318382752,35.238205375686604
2021-03-24,502.3626403808594,506.68408273045765,516.1180392800742,31.234532826119846,35.963852152184785
2021-03-25,487.1090087890625,502.76906794217865,513.4808546899822,27.102865292031453,36.113592758072535
2021-03-26,501.2593688964844,502.4671281330398,512.3698105269369,43.35483187749893,37.72049077262658
2021-03-30,500.3000183105469,502.03370616854124,511.2725566890833,47.05880518415882,37.753553403616856
2021-03-31,496.2707824707031,500.88112142897364,509.90875903286684,46.89467080686881,39.12914119733557
2021-04-01,499.6285095214844,500.6305990474758,508.9741908954684,46.446174944247225,42.17146962096105
2021-04-05,506.7756958007813,501.85961839813694,508.7743277050423,52.635053802964784,47.277907323147716
2021-04-06,510.5650634765625,503.6007074138221,508.93712186608957,55.88418412186173,49.78377777202028
2021-04-07,519.5829467773438,506.79715528652645,509.904924130749,57.46357304751034,51.86473134469058
2021-04-08,520.926025390625,509.6229293073462,510.90684242710137,62.98449739842341,55.0826966630015
2021-04-09,523.0845947265625,512.3152623911895,512.0139108179615,61.97743399743991,58.18894847364004
2021-04-12,501.21142578125,510.0944950692017,511.031866723715,46.069191984365396,56.87577610992016
2021-04-13,514.3544311523438,510.94648228583014,511.33391803540854,53.80305365312902,56.459550016173615
2021-04-15,517.4244384765625,512.2420735239766,511.88760171187704,54.62878109527443,55.89259162572644
2021-04-16,518.7675170898438,513.54716223715,512.5130485644195,58.15062883059312,54.92581791216038
2021-04-19,505.0487976074219,511.8474893112044,511.8344802956015,59.05128916560143,54.34058894579268
2021-04-20,508.6463623046875,511.2072639099011,511.5446513873366,54.17118294808376,55.960987138536346
2021-04-22,509.26995849609375,510.81980282713965,511.3378611244964,55.08429748520777,56.2172359049521
2021-04-23,501.3553161621094,508.9269054941336,510.4303570370066,52.76040524160546,55.84356073421831
2021-04-26,506.1040954589844,508.36234348710383,510.0370605299137,53.46330068589649,54.906095105278986
2021-04-27,512.5796508789062,509.2058049654643,510.2682051070948,53.12655765646923,53.72114880345255
2021-04-28,522.1732177734375,511.799287527059,511.35047898585316,55.88522165353599,54.06395654454299
2021-04-29,518.863525390625,513.2121350997722,512.0334832044688,49.61285224139732,52.969667495780904
2021-04-30,514.9300537109375,513.5557188220054,512.296807795966,46.860860162277405,51.78975847991528
2021-05-03,536.1317138671875,518.0709178310418,514.4636174388042,55.695118637204075,52.236122070176805
2021-05-04,529.9918823242188,520.4551107296772,515.8752778829328,64.56306691662215,54.52342392220739
2021-05-05,537.1869506835938,523.8014787204606,517.8127026829928,62.293362357246515,55.80505206294949
2021-05-06,536.0357666015625,526.248336296681,519.4693448574083,60.23202999061787,57.928887612793595
2021-05-07,545.389404296875,530.0765498967198,521.8257138973597,63.45124408580464,61.24696439749905
2021-05-10,549.2747802734375,533.9161959720634,524.3210835679122,74.81159278359871,65.07025922677798
2021-05-11,545.2935180664062,536.191660390932,526.2276685223206,70.4715960853413,66.2519650605218
2021-05-12,538.9138793945312,536.736104191652,527.3809604197943,65.55892990431158,66.90507856993482
2021-05-14,537.6187133789062,536.9126260291029,528.311665234259,70.45453841262541,68.94958025433633
2021-05-17,527.3056640625,534.9912336357822,528.2202105822809,61.25251173221493,68.50983378361839
2021-05-18,514.5464477539062,530.9022764594071,526.9771412342468,50.978585545455765,63.743232335989795
2021-05-19,506.7276611328125,526.0673533940882,525.1362794068436,42.17685392424786,58.08428390377111
2021-05-20,499.4845886230469,520.75080043988,522.8043075174076,40.560712488134165,53.08464042053563
2021-05-21,509.3659057617188,518.4738215042478,521.5826346305267,47.43819670270012,48.481372078550564
2021-05-24,505.3846130371094,515.8559798108201,520.1100872129433,33.175854824095765,42.86604069692673
2021-05-25,504.7130126953125,513.6273863877186,518.710353165886,35.287529199797675,39.72782942779512
2021-05-26,504.3772888183594,511.7773668738468,517.4073473161108,29.24761062432033,37.14198076780961
2021-05-27,498.6691284179688,509.1557191826712,515.7038728708251,27.6534834452944,34.56053495924166
2021-05-28,502.3146667480469,507.78750869574634,514.4866723142088,22.35225951882022,29.543347522465677
2021-05-31,513.1553344726562,508.86107385112837,514.3656416013404,28.716833446501937,28.651543246946915
2021-06-01,511.236572265625,509.3361735340277,514.0811807526389,29.432222307411024,27.48048186846958
2021-06-02,507.9747924804688,509.0638973233159,513.5260545460781,30.583982760588697,27.747756295723253
2021-06-03,510.4211730957031,509.33535247779344,513.2437925960439,33.175117095244985,28.852083025713377
2021-06-04,511.0447387695313,509.67722973614104,513.0438786118154,38.57051540553761,32.09573420305685
2021-06-07,514.6422729492188,510.6702383787566,513.189187187943,50.07731057677629,36.367829629111725
2021-06-08,524.571533203125,513.4504973436303,514.223945916596,63.92210963624434,43.26580709487838
2021-06-09,518.0479736328125,514.3699926014668,514.5715847998883,64.64794694918824,50.078599932598294
2021-06-10,522.9885864257812,516.0937113663297,515.3367667658786,61.658375347096694,55.775251582968636
2021-06-11,518.863525390625,516.6476741711888,515.6573811863101,61.507021550540564,60.36255281196922
2021-06-14,517.4244384765625,516.8030270322636,515.8180227581512,60.71144960273869,62.4893806171617
2021-06-15,520.4463500976562,517.5316916453421,516.2387797890153,62.95434852457746,62.295828394828334
2021-06-16,514.9300537109375,517.0113640584613,516.1198046910082,63.149701438170695,61.996179292624824
2021-06-17,507.1593627929688,515.0409638053628,515.3052190639137,53.67271896091979,60.39904801538944
2021-06-18,516.8487548828125,515.4025220208528,515.4455405019953,52.849690180429064,58.667581741367144
2021-06-21,517.6642456054688,515.854866737776,515.6472409659474,55.045220189120926,57.53433585864359
2021-06-22,514.5943603515625,515.6027654605333,515.5515245464578,55.211541843700324,55.98577452246816
2021-06-23,512.3399047851562,514.9501933254579,515.2595591136122,51.515183647304646,53.658870964294955
2021-06-24,507.2553405761719,513.4112227756008,514.5319028829358,47.20454329534792,52.36523583118058
2021-06-25,513.34716796875,513.3984118142307,514.4241997089189,49.07850691977508,51.610999179049784
2021-06-28,509.6056823730469,512.639865925994,513.986152678385,38.32331308648206,48.266617758522
2021-06-29,503.6097717285156,510.8338470864983,513.0428453193059,38.64147410119439,44.95260421002082
2021-06-30,504.2812805175781,509.5233337727143,512.2463394282397,34.22324712325663,41.49421690521122
2021-07-01,501.40325927734375,507.8993188736402,511.2606048690673,34.958556622107025,39.045019570563035
2021-07-02,503.6577453613281,507.0510041711778,510.5694358229092,38.30475201844246,36.890268590296515
2021-07-05,502.65045166015625,506.1708936689735,509.84952817174985,34.34598104990076,36.094802182980246
2021-07-06,504.7130126953125,505.87931747424136,509.38257221934646,40.43125544471143,36.452758451683664
2021-07-07,508.07080078125,506.3176141356431,509.26332027042855,50.930519777517674,39.79421298253587
2021-07-08,503.9455871582031,505.84320874015515,508.77988998749896,35.138192235364414,39.83014010518735
2021-07-09,514.4503784179688,507.5646426757179,509.2953889357235,46.97374788358906,41.563939278216665
2021-07-12,508.1187133789063,507.6754568163556,509.18841843055833,44.255264081227814,43.545795884482075
2021-07-13,508.5025024414063,507.8408659413658,509.1260624315445,46.47885982981235,44.755316761502264
2021-07-14,508.5025024414063,507.9731932413739,509.0693751597137,51.26214755640555,44.82164231727984
2021-07-15,504.0894470214844,507.196443997396,508.61665441987464,40.30149552059961,45.85430297432688
2021-07-16,519.1512451171875,509.5874042213543,509.5743444832667,58.08290018869377,48.07613343534782
2021-07-19,516.56103515625,510.9821304083335,510.2094981808106,61.637990372311926,51.552678693564644
2021-07-20,504.3772888183594,509.6611620903387,509.6792973296787,50.071483233932405,52.271203374388655
2021-07-22,524.4756469726562,512.6240590668023,511.0244200244949,63.67256560348844,54.75328698380523
2021-07-23,526.010498046875,515.3013468628169,512.3867907538021,63.36006239578055,59.365000358841414
2021-07-26,521.9332885742188,516.6277352050972,513.2546541920217,61.11722615829512,59.971865552761685
2021-07-27,518.57568359375,517.0173248828278,513.7383841376333,57.8747206371726,59.219211605733825
2021-07-28,544.8137817382812,522.5766162539185,516.5634202831467,66.56575813212166,62.51806658537167
2021-07-29,544.0942993164062,526.880152866416,519.0662274679885,68.67474736577631,63.51850293782925
2021-07-30,538.8179321289062,529.267708718914,520.8618369826173,61.913782504640324,63.2292469596012
2021-08-02,542.1756591796875,531.8492988110688,522.799457182351,67.14984279000859,64.4357702859439
2021-08-03,556.6138305664062,536.8022051621363,525.873491126356,71.22308666546043,67.10544349160146
2021-08-04,551.049560546875,539.651676239084,528.1622247100396,67.89030287382897,67.37035243994292
2021-08-05,574.3616943359375,546.5936798584547,532.3621764942121,75.49605725194812,68.7346144171773
2021-08-06,583.1876831054688,553.9124805078576,536.9826770952354,74.33472096458154,71.21880210916552
2021-08-09,574.889404296875,558.1078652656611,540.4287432044754,71.24395293862396,72.0376241388886
2021-08-10,596.9063110351562,565.8675544195602,545.5630675527191,81.44775870785008,74.08255854736653
2021-08-11,595.611328125,571.8163091606482,550.1129094229264,77.71979269977857,76.04845651255644
2021-08-12,597.8178100585938,577.0166093402373,554.4497185716234,77.83580793547816,76.51640664926245
2021-08-13,611.1527099609375,583.8438294643774,559.6045359706519,82.26943058711748,78.10334857376965
2021-08-16,608.274658203125,588.7299952121269,564.0290925372403,82.55581301587442,80.36572058921975
2021-08-17,600.8876953125,591.1615352322016,567.3798746077184,73.57816031244722,78.79180091013917
2021-08-18,597.6259155273438,592.45441129123,570.1295146913208,72.03799614651291,77.65544159948604
2021-08-20,588.751953125,591.7139196579841,571.8224636398371,69.96552664961303,76.08138534231301
2021-08-23,597.3380737304688,592.838750472481,574.1420645571671,71.17087867786746,73.861674960463
2021-08-24,594.8917236328125,593.2493451045473,576.0283972004077,66.1800696278722,70.58652628286256
2021-08-25,587.552734375,592.1100229586378,577.0760642162797,65.2018154699267,68.91125731435845
2021-08-26,563.0414428710938,586.296306941129,575.8001895485355,45.33228035259754,63.57011415557539
2021-08-27,570.9560546875,583.2282564904033,575.3598136520777,44.9182958389986,58.5606679934525
2021-08-30,595.2276000976562,585.6281252118539,577.1659760562212,57.459564856291536,55.81840522913732
2021-08-31,637.0550537109375,595.9135109116706,582.6104376611954,62.85718529950655,55.153828363464186
2021-09-01,639.3095092773438,604.5927105848053,587.7648987172089,63.90838332729171,54.89514193493719
2021-09-02,639.4055786132812,611.5552841905005,592.4595059804882,63.4169202208225,58.51206990858218
2021-09-03,631.6828002929688,615.5807874109942,596.0252600088955,56.872207364487586,60.90285221367998
2021-09-06,627.9892578125,618.0624814912953,598.9310779910414,56.56339839212955,60.723618920847585
2021-09-07,643.2908325195312,623.1081516969425,602.9637829481769,63.4101822980104,60.834218320548345
2021-09-08,640.7006225585938,626.6266458692728,606.3944047309421,63.68068123487002,60.78867790206401
2021-09-09,658.2567749023438,632.952671675887,611.109165655615,70.92117954191798,62.28952976628311
2021-09-13,665.1160278320312,639.385342907116,616.0188803989256,70.61570461505559,65.03822921639672
2021-09-14,665.9794921875,644.7041727631928,620.5607541978869,71.83266612630271,68.09208276323133
2021-09-15,696.007080078125,654.9647542261793,627.4195110960904,79.23455480430184,71.25695726448961
2021-09-16,689.3875732421875,661.849318029381,633.0529712911901,87.69316322454077,76.05945366242378
2021-09-17,698.54931640625,669.1893177047549,639.0071844834683,87.78406441384027,79.43203063680824
2021-09-20,695.4794311523438,674.4473403942727,644.1410250897297,83.9506009522967,82.09900990425645
2021-09-21,697.1102905273438,678.979930420887,648.9564128567856,77.94642507184393,83.3217616933647
2021-09-22,697.206298828125,682.6252041023346,653.3427661269075,77.49432045118718,82.97371482274177
2021-09-23,697.2542114257812,685.5510055670239,657.3347156995324,77.4840221312331,80.93188660408023
2021-09-24,709.3419799804688,690.309200449713,662.0626488159811,85.42669018853131,80.46041175901844
2021-09-27,706.19140625,693.4856416097704,666.0743540372555,85.85198782234957,80.84068913302903
2021-09-28,680.3890991210938,690.866333112035,667.3756944994226,65.51407813677304,78.35421974601483
2021-09-29,678.385498046875,688.370166099003,668.3765857310092,65.8370923499715,76.0227741257717
2021-09-30,672.716796875,685.2394922542024,668.7711503804629,56.751393093039866,71.87624831813305
2021-10-01,660.5975341796875,680.3111006392995,668.0280943622106,47.989084759353496,64.3887272322975
2021-10-04,665.9730224609375,677.4434850036272,667.8412696439129,49.99723187583762,57.217776042995105
2021-10-05,683.4188842773438,678.6385648583705,669.2574164287703,43.964202831113575,52.90780098186322
2021-10-06,675.7466430664062,678.0601804999776,669.8473461231008,43.52480612923095,48.445343737715106
2021-10-07,676.8217163085938,677.8124876617009,670.4813797763275,38.82848554953929,44.86076222901498
2021-10-08,679.7537841796875,678.2007469652983,671.3243256311783,41.90298885049965,43.64354304724422
2021-10-11,675.2090454101562,677.6024066542699,671.6774819747218,39.05174297057399,41.45444526619149
2021-10-12,670.8108520507812,676.2440957335722,671.5986974361817,37.349267891420816,40.13145827825294
2021-10-13,674.2806396484375,675.8514045165454,671.8425103645686,39.33898108258913,39.29429326892457
2021-10-14,670.2734375,674.7358111132363,671.6998673768805,30.40008867588169,37.608613894193056
2021-10-18,665.191162109375,672.8268813124641,671.1081668980164,29.822079321767532,35.19243198844663
2021-10-19,665.6797485351562,671.3974547570026,670.6146743195745,40.35870707988818,35.45382481030947
2021-10-20,692.4105834960938,675.6000805048209,672.596120608349,56.94240259391052,39.37245175080741
2021-10-21,680.2913208007812,676.538328564013,673.2956842622065,53.524317023535204,42.209518938996624
2021-10-22,678.7764282226562,676.9859484957417,673.7939337131564,59.38444650156879,48.006390504134046
2021-10-25,675.453369140625,676.6794326247184,673.94479147929,54.999967809846325,53.04196820174981
2021-10-26,680.43798828125,677.4311437560248,674.5350820976499,48.18994815081109,54.608216415934386
2021-10-27,686.44873046875,679.2346610985699,675.6181410404772,56.632319199202946,54.54619973699287
2021-10-28,674.1339721679688,678.2145233124497,675.483216597522,48.53801441401721,53.54893921508928
2021-10-29,669.8336181640625,676.5383422827723,674.9696167399346,44.6831172977627,50.608673374328056
2021-11-01,696.3689575195312,680.5044653301242,676.9150113562616,59.17762367200248,51.44420454675928
2021-11-02,697.7861328125,683.9607988265993,678.8123860341015,62.010484236957886,54.20831176398865
2021-11-03,683.2722778320312,683.8230946276857,679.2178307430041,53.64497432022449,53.61084278819296
2021-11-04,685.2269897460938,684.1038736513674,679.7641179251032,56.16435598823081,55.136111103035674
2021-11-08,692.9481201171875,685.8727229445315,680.962663578929,61.198704922731714,58.43922862802948
2021-11-09,697.0531005859375,688.1087984728126,682.4254305795662,62.29886553582341,59.06347700079366
2021-11-10,718.7993774414062,694.2469142665315,685.7321530215517,60.7655616764988,58.814492488701845
2021-11-11,712.1043090820312,697.8183932296315,688.1296217543226,63.57939778196014,60.80137718104898
2021-11-12,726.6670532226562,703.5881252282364,691.6330246150801,68.39332229383933,63.247170442170685
2021-11-15,720.8517456054688,707.0408493036829,694.2892719778426,67.10860017637472,64.42914949289927
2021-11-16,713.765869140625,708.3858532710714,696.0598717199138,62.36396209052771,64.44216880384015
2021-11-17,703.7479858398438,707.4582797848259,696.7587911853619,56.23237304303122,63.53553107714663
2021-11-18,698.177001953125,705.6020242184858,696.8877194369768,59.104333006220386,62.640518121998674
2021-11-22,725.2986450195312,709.5413483786949,699.4705308535727,67.90777507365186,62.54340867796118
2021-11-23,741.7184448242188,715.9767676677997,703.3112503054494,65.6650398770083,62.25469661808789
2021-11-24,741.7184448242188,721.1251030990835,706.8028134435194,65.32555359718404,62.847014919419166
2021-11-25,747.826904296875,726.4654633386419,710.53227624837,73.92243494892132,66.38502730059719
2021-11-26,722.0245971679688,725.5772901045073,711.5770326956062,61.588158048504454,66.88179230905399
2021-11-29,722.6110229492188,724.9840366734496,712.580122718662,59.78084335540544,65.2564059654047
2021-11-30,711.7623291015625,722.3396951590722,712.5057778443802,54.64360778474266,63.05211954695159
2021-12-01,705.898193359375,719.0513947991328,711.9050883457434,45.47324741541665,59.08165831059811
2021-12-02,715.9649658203125,718.4341090033688,712.2741681161588,51.3233116494857,54.56183365071098
2021-12-03,702.08642578125,715.1645723589451,711.3480097220761,41.53482871821691,50.55116778465348
2021-12-06,681.8062744140625,708.4929127699686,708.6623974213476,37.771668591557315,46.14933283188385
2021-12-07,683.0279541015625,703.3999210362874,706.3319934831853,40.00636595342059,43.22188446561943
2021-12-08,698.958984375,702.51173370403,705.6617199278958,48.500631560441576,43.82736129462442
2021-12-09,697.7861328125,701.566613525724,704.9457574628598,49.87415876589129,43.53753071790553
2021-12-10,694.609619140625,700.1752146487044,704.0061085244748,38.318497843328494,42.89426454292786
2021-12-13,687.1817016601562,697.5765120509948,702.4766169913548,27.715633597960135,40.88305754420842
2021-12-14,675.9420776367188,693.2496251681396,700.0643861409334,25.384036261538455,37.95859160583199
2021-12-15,669.9312744140625,688.5859550173242,697.3250123475815,20.82723396785022,32.423912087313724
2021-12-16,665.9730224609375,684.0633685060469,694.4748314487956,24.901543761031064,27.429389086341672
2021-12-17,650.9705200195312,677.4447988087438,690.5198940461352,21.589147624566365,24.083519042589252
2021-12-20,643.3471069335938,670.6252604337138,686.231458854086,22.155925722969954,22.971577467591214
2021-12-21,651.8990478515625,666.8800179172837,683.1103305811292,28.493592236785815,23.593488662640688
2021-12-22,669.2471313476562,667.3534406033582,681.8500397417225,32.41353989128642,25.910749847327924
2021-12-23,663.3829956054688,666.5593516037803,680.1712175475176,34.494923635695,27.829425822260713
2021-12-24,661.721435546875,665.5917683923993,678.4939646383682,40.542998076814754,31.620195912710386
2021-12-27,660.4509887695312,664.5636124678258,676.8536941048375,39.374453140574545,35.06390139623131
2021-12-28,664.653564453125,664.5816028648857,675.7445914092273,31.851023790057496,35.735387706885646
2021-12-29,661.5260009765625,663.970482487221,674.451992278985,31.20561497461543,35.49380272355145
2021-12-30,663.9694213867188,663.9702702671206,673.4990312887791,33.9969282303789,35.39420364248822
2021-12-31,668.3186645507812,664.8399491238526,673.028088858052,39.82066301457936,35.24973663004115
2022-01-03,675.64892578125,667.0017444553322,673.2663467601609,49.83483323418054,37.34181264876234
2022-01-04,681.65966796875,669.9333291580158,674.0293759609417,56.60798193102538,42.29320427695592
2022-01-05,684.1519165039062,672.777046627194,674.949606919393,60.41434580566658,48.13495044316615
2022-01-06,694.3165283203125,677.0849429658177,676.7102361376583,76.28934901210556,56.59343459951149
2022-01-07,688.7454833984375,679.4170510523418,677.8043495250018,78.23707837442818,64.27671767148125
2022-01-10,688.9898681640625,681.3316144746859,678.8212148558256,75.72881137782353,69.45551330020984
2022-01-11,687.5238037109375,682.5700523219363,679.6123592971994,66.26087560941968,71.38609203588871
2022-01-12,713.668212890625,688.7896844356741,682.7083459875108,82.87536162486782,75.87829519972897
2022-01-13,715.2319946289062,694.0781464743206,685.6650413185467,85.02880321042525,77.6261860393929
2022-01-14,704.2855834960938,696.1196338786752,687.3578178801419,75.46841953709128,77.07245427192552
2022-01-17,712.1043090820312,699.3165689193465,689.6074988984955,76.45768005875303,77.21822800811142
2022-01-18,698.177001953125,699.0886555261022,690.3865446307345,68.23929133781735,77.61391115379095
2022-01-19,687.7681274414062,696.824549909163,690.148506704432,60.973405003799286,73.23351982957725
2022-01-20,699.2033081054688,697.3003015484242,690.9716704681625,63.367192428355416,68.90119767316327
2022-01-21,679.5094604492188,693.7421333285831,689.9296513755313,51.50934634524421,64.10938303479385
2022-01-24,674.2806396484375,689.8498345925541,688.5070139457955,47.09728691476591,58.237304405996426
2022-01-25,695.7335815429688,691.0265839826371,689.1639746364476,53.96452043163159,55.382350224759286
2022-01-27,691.23779296875,691.0688257798597,689.3525035757478,48.903565401339144,52.96838230426725
2022-01-28,699.5941772460938,692.7738960731065,690.2835648185065,53.78840355700071,51.052624529996315
2022-01-31,712.7885131835938,696.776819495204,692.3294692153327,57.62127938872929,52.27501113869333
2022-02-01,706.6800537109375,698.7574663383507,693.6340678058422,55.957461670631275,54.0470460898664
2022-02-02,708.634765625,700.7329261956806,694.9977676075838,48.15740154025037,52.885622311590154
2022-02-03,705.311767578125,701.6486944721695,695.9354039685421,46.41467263673427,52.38784375866918
2022-02-04,703.89453125,702.0978618277356,696.6589609941291,49.84821240313383,51.59980552789581
2022-02-07,690.5046997070312,699.7792294035949,696.099482695302,41.963636892131504,48.46827702857625
2022-02-08,692.8504028320312,698.3934640892821,695.804111798641,47.83127961237332,46.843040616924654
2022-02-09,703.0639038085938,699.3275520331446,696.4640928904548,56.2375861069932,48.45907753027323
2022-02-10,707.6573486328125,700.9935113530781,697.4816615943055,53.65128538763554,49.90640008045348
2022-02-11,698.958984375,700.5866059574626,697.6159636652777,59.28178665531084,51.79311493088888
2022-02-14,674.0850830078125,695.2863013675326,695.4767926964173,49.92141118433639,53.38466978932986
2022-02-15,695.4404296875,695.3171270315261,695.4734869683339,49.88209787717264,53.79483344228972
2022-02-16,705.4583740234375,697.3453764299084,696.3812039733433,55.47610295327391,53.64253681154586
2022-02-17,700.7670288085938,698.0297069056455,696.7799153220025,50.464763946546334,53.005232523328026
2022-02-18,696.4177856445312,697.7073226534227,696.7469944422323,43.02376027898925,49.7536272480637
2022-02-21,693.8766479492188,696.941187712582,696.4860538519583,44.37285700413268,48.64391641202296
2022-02-22,683.4188842773438,694.2367270255344,695.2981293451752,39.68825424875264,46.60514768633896
2022-02-23,688.4523315429688,693.0798479290213,694.6757840904291,43.20064551098605,44.15005619788139
2022-02-24,655.7107543945312,685.6060292221233,691.1335086635293,34.48712643108976,40.95452869479008
2022-02-25,673.0588989257812,683.096603162855,689.490362323734,44.52288518508583,41.254353676009394
2022-02-28,670.9575805664062,680.6687986435653,687.8055639821587,43.11617816733875,41.003017908650605
2022-03-02,658.9849243164062,676.3320237781336,685.1855058307267,36.291772519995085,40.323721562899095
2022-03-03,656.8346557617188,672.4325501748507,682.6081558244532,33.95063988968896,38.47372043863968
2022-03-04,638.900146484375,665.7260694367556,678.6347004299006,32.07932851662609,37.992160855746945
2022-03-07,660.10888671875,664.6026328931545,676.9505355470687,45.73645431545613,38.234874681821005
2022-03-08,667.5368041992188,665.1894671543673,676.0947417881732,40.69730389014845,37.75109982638294
2022-03-09,675.8443603515625,667.3204457938065,676.0719798393905,40.01318961429023,38.495383245241975
2022-03-10,681.952880859375,670.2469328069203,676.6066072048436,43.7153273748238,40.44832074226894
2022-03-11,679.1184692382812,672.0212400931925,676.8349582987926,44.162261738419765,42.86490738662768
2022-03-14,684.5429077148438,674.5255736175229,677.535680972979,46.91040655820373,43.099697835177196
2022-03-15,687.1817016601562,677.0567992260496,678.4125919445405,51.31353660729581,45.22294437860667
2022-03-16,695.8802490234375,680.8214891855273,680.0005607698947,52.52826717334914,47.72595989041845
2022-03-17,706.533447265625,685.9638808015469,682.4126413604157,70.36018408985213,53.054931233424114
2022-03-21,692.166259765625,687.2043565943626,683.2993339427074,57.84193732462071,55.7908663506643
2022-03-22,702.9661254882812,690.3567103731464,685.0872240832142,62.261310010343465,58.86104704109225
2022-03-23,688.9898681640625,690.0833419313296,685.442009908746,61.3200391457026,60.862347548773606
2022-03-24,690.3580932617188,690.1382921974075,685.888926577198,62.72254398993404,62.901202912090596
2022-03-25,693.2902221679688,690.7686781915198,686.5617716309044,73.29423457061853,63.48801300824387
2022-03-28,716.4537353515625,695.9056896235284,689.279222878237,73.73402783848127,66.66643111101598
2022-03-29,737.85791015625,704.2961337300727,693.6954671762381,76.50090142641126,69.51434939422954
2022-03-30,732.53125,709.9431569840582,697.2259928874892,71.85376702755563,71.62109497060014
2022-03-31,737.85791015625,715.5261076184967,700.9198035482856,71.68306087509848,73.41319834763303
2022-04-01,741.3274536132812,720.6863768174536,704.593226281467,74.00979206929077,73.55630984736749
2022-04-04,750.4168701171875,726.6324754774004,708.7590120847143,74.72483266371329,73.75447081241387
2022-04-05,749.2440185546875,731.1547840928579,712.4394672183482,73.55337787222334,73.1649661015763
2022-04-06,758.0891723632812,736.5416617469425,716.5894404133421,73.58277436237977,73.51076756854113
2022-04-07,745.1392211914062,738.2611736358353,719.1848750295297,64.38457287494968,72.05106996851137
2022-04-08,744.8460083007812,739.5781405688246,721.5177053269163,71.9284026936896,71.63479209339114
2022-04-11,740.8876342773438,739.8400393105284,723.2786079587734,66.73852695919427,70.03753095248734
2022-04-12,724.8589477539062,736.843820999204,723.4222752128763,65.55082366476974,68.43702011099661
2022-04-13,723.881591796875,734.2513751587383,723.464031265967,64.58333665225987,66.63713256897263
2022-04-18,712.9840698242188,729.9979140918344,722.5113074985353,58.01194252807348,65.36260649959739
2022-04-19,707.119873046875,725.4223058828426,721.112086184748,45.58071496440899,60.09306895374127
2022-04-20,722.6110229492188,724.8600492961178,721.2483531633363,42.352906602634,55.21594488242921
2022-04-21,719.092529296875,723.7065452962693,721.0523691754762,43.13528397937779,50.732836945350826
2022-04-22,722.0245971679688,723.3701556706092,721.1407535384301,41.70926349094744,46.15802231308834
2022-04-25,722.6110229492188,723.2183291263311,721.2744143939564,39.89446612858366,42.53452703319037
2022-04-26,739.17724609375,726.4101125198149,722.901944548483,44.38477366506112,42.29533877332081
2022-04-27,735.4633178710938,728.2207535900707,724.0438875778112,43.285747167044036,42.48190688620281
2022-04-28,730.4298706054688,728.6625769931503,724.6244314894163,36.00394089887085,41.05563827010142
2022-04-29,722.2689208984375,727.3838457742078,724.4102941629636,37.83779748477237,40.28134506886641
2022-05-02,724.5657348632812,726.8202235920224,724.4244251357197,39.44017736149354,40.19048731544838
2022-05-04,706.0447998046875,722.6651388345555,722.7535501056259,34.24658517106846,38.16284961664985
2022-05-05,702.6728515625,718.6666813801444,720.9280320562508,38.672640664527286,37.2402283161465
2022-05-06,694.1698608398438,713.7673172720844,718.4954710365774,35.912881574294374,37.222016451231205
2022-05-09,695.3915405273438,710.0921619231362,716.3951137175562,40.81629792006525,37.81771653828979
2022-05-10,703.3570556640625,708.7451406713216,715.2098357126931,48.077891985324015,39.54525946305588
2022-05-11,706.484619140625,708.2930363651823,714.4166342061415,40.57144773945272,40.81023197673274
2022-05-12,689.4296875,704.5203665921458,712.1450935964922,35.02714852944439,40.08113354971615
2022-05-13,674.2806396484375,698.4724212034042,708.7028705103054,28.546361199438095,38.60782947474489
2022-05-16,677.505859375,694.2791088377235,705.8667785889139,30.20161054823903,36.484892000379645
2022-05-17,691.042236328125,693.6317343358039,704.5190929288422,28.294361142303543,32.52818583177556
2022-05-18,680.3890991210938,690.983207292862,702.3254571281377,26.627924565834974,29.739481197052008
2022-05-19,658.9849243164062,684.5835506975709,698.3854086907077,23.379438640219405,27.40993921920701
2022-05-20,672.3258666992188,682.1320138979005,696.0163594187541,32.08273062927779,28.117213105174947
2022-05-23,670.3222045898438,679.7700520362893,693.6805271615804,30.4988993511965,28.176670865766443
2022-05-24,662.845458984375,676.3851334259065,690.8773391454707,33.12973016263466,29.143744669832664
2022-05-25,672.619140625,675.6319348657253,689.217502916337,38.82227046836594,31.582613850338863
2022-05-26,677.9456787109375,676.0946836347678,688.1927916249371,43.81979315998551,35.67068475429208
2022-05-27,668.9050903320312,674.6567649742206,686.4393642346728,40.47785185653298,37.34970899974312
2022-05-30,683.223388671875,676.3700897137514,686.1470028198729,43.07792709233907,39.865514547971635
2022-05-31,684.347412109375,677.9655541928762,685.9834036643731,42.28278141242616,41.696124797929926
2022-06-01,678.9231567382812,678.1570747019573,685.3415630347283,46.01411438682904,43.13449358162255
2022-06-02,680.193603515625,678.5643804646909,684.8735667148098,52.507233549175204,44.871981659460495
2022-06-03,670.9575805664062,677.043020485034,683.608477064955,47.35805000957915,46.24802129006972
2022-06-06,667.4879150390625,675.1319993958398,682.1429714262374,39.656653004688245,45.56376647253956
2022-06-07,669.7847290039062,674.0625453174531,681.0194948423891,44.974511283067066,46.102112446667746
2022-06-08,648.2828369140625,668.9066036367751,678.043435030723,44.932895390094494,45.885868647320834
2022-06-09,661.0372924804688,667.3327414055138,676.497422071609,44.62536324537952,44.30949458656169
2022-06-10,658.1052856445312,665.4872502533174,674.8254096691473,44.23433440295885,43.68475146523764
2022-06-13,656.1016235351562,663.6101249096852,673.1232472933299,46.643934685953006,45.08220780149058
2022-06-14,666.6082763671875,664.2097552011857,672.530977209135,47.0303615841288,45.49337786170293
2022-06-15,666.6571044921875,664.6992250593861,671.9969887803217,44.116097572149,45.330018298113835
2022-06-16,639.3888549804688,659.6371510436027,669.032612980335,37.071891441036826,43.8193239372453
2022-06-17,629.0777587890625,653.5252725926947,665.400353508401,25.421435323766275,40.05674412140678
2022-06-20,626.3899536132812,648.0982087968121,661.8539535179356,24.059396149347066,35.5398364140856
2022-06-21,639.4865112304688,646.3758692835435,659.8205496736205,33.483300016871254,32.83042410063409
2022-06-22,628.2957763671875,642.7598507002723,656.9546611912175,29.931924302014053,29.993589446607093
2022-06-23,645.2529907226562,643.2584787047491,655.8908729668028,40.62051787327374,30.703314733054476
2022-06-24,656.0039672851562,645.8075764208306,655.9011542684714,46.0209996510632,34.82322759851386
2022-06-27,668.46533203125,650.3391275429146,657.0433522469058,49.5729318994603,39.925934748536505
2022-06-28,665.7286987304688,653.4170417804255,657.832929199957,56.427803946278935,44.51483553441805
2022-06-29,672.2281494140625,657.179263307153,659.1415855830575,54.32242191982852,49.39293505798094
2022-06-30,669.442626953125,659.6319360363474,660.0780438894272,54.383961701727955,52.145623823671784
2022-07-01,658.2030639648438,659.3461616220467,659.9075911690105,50.758420159922466,53.09310792544363
2022-07-04,666.461669921875,660.7692632820124,660.5034165101799,49.946216286657794,53.16776480288313
2022-07-05,668.9540405273438,662.4062187310786,661.2716550571948,50.82780735864936,52.04776548535722
2022-07-06,678.2388916015625,665.5727533051754,662.8141311066828,66.08660577948082,54.40060225728767
2022-07-07,671.250732421875,666.7083491285154,663.5810948626093,67.95667292109545,57.11514450116117
2022-07-08,679.4118041992188,669.249040142656,665.0202502568466,71.57059539819352,61.27757954881539
2022-07-11,645.5950927734375,664.5182506688124,663.2543268492639,52.12659941703006,61.71365617488984
2022-07-12,647.9895629882812,661.2125131327061,661.86662104372,57.3033560358623,63.00876591033243
2022-07-13,628.9310302734375,654.7562165608524,658.8724764282397,44.039960186018476,58.59943679163996
2022-07-14,627.1229858398438,649.2295704166506,655.9861591020218,38.71707539467559,52.75151728635599
2022-07-15,637.0430908203125,646.7922744973831,654.2640619855027,37.47559938421895,45.93251808356107
2022-07-18,648.0384521484375,647.0415100275941,653.6980974548604,43.38449009329462,44.18409621881399
2022-07-19,657.66552734375,649.1663134908254,654.0587728993048,44.678588474594406,41.65914270656042
2022-07-20,655.4664916992188,650.426349132504,654.1867473356606,44.870915558988116,41.82533378115434
2022-07-21,662.9921264648438,652.939504598972,654.9872363474045,51.8067839135809,44.4432754849354
2022-07-22,663.4807739257812,655.0477584643339,655.7593761272569,48.80534854743162,46.70922531757794
2022-07-25,663.0409545898438,656.6463976894358,656.4213378056738,47.590577187083426,47.5504427363357
2022-07-26,668.6119384765625,659.0395058468612,657.5295742303001,45.95484593699605,47.80569422881602
2022-07-27,659.6201782226562,659.1556403220202,657.7196291386962,45.19387677377991,47.87028647177438
2022-07-28,651.7523803710938,657.674988331835,657.177151978005,38.54245570672538,45.21742083040328
2022-07-29,662.60107421875,658.660205509218,657.6702358180727,58.69996115670583,47.19634335225812
2022-08-01,681.744384765625,663.2770413604994,659.8587948133047,64.74205358052032,50.62663863094549
2022-08-02,674.2343139648438,665.4684958813683,661.1656601907173,72.00548588830537,55.83676662120736
2022-08-03,680.4681396484375,668.4684246347822,662.92043105051,74.84356355040673,61.766703976532725
2022-08-04,681.5971069335938,671.0941610945446,664.6183106762448,72.59996520095828,68.57820587537931
2022-08-05,690.7760620117188,675.0305412779794,666.9962880703788,72.08557512583371,71.25532866920489
2022-08-08,691.4631958007812,678.3170721825397,669.2205524095062,69.24375588616547,72.1556691303339
2022-08-10,702.1637573242188,683.0864092108757,672.2153892199347,74.24165612619166,72.60290317791117
2022-08-11,696.8135375976562,685.8318348882318,674.4515845270003,67.96321581533219,71.22683363089627
2022-08-12,696.7153930664062,688.0085465238667,676.4755671214916,67.72508404926029,70.25185740055666
2022-08-16,691.2177734375,688.6503919065934,677.8157676956743,64.25836277257422,68.68641492990477
2022-08-17,709.7229614257812,692.8649058104311,680.7164216711385,68.39546970288701,68.51675769324908
2022-08-18,719.785400390625,698.2490047264699,684.2681470092737,76.66592545583114,69.00161155917696
2022-08-19,718.90185546875,702.379574874926,687.4166659601351,81.72555809255105,71.75408001462074
2022-08-22,714.287841796875,704.7612282593159,689.8595001271115,75.9487371824571,73.3988106412601
2022-08-23,724.1049194335938,708.6299664941715,692.9727200640643,73.463822571059,75.23990260095705
2022-08-24,725.2338256835938,711.9507383320561,695.9055478476579,80.39789056736113,77.64038677385187
2022-08-25,727.4426879882812,715.0491282633011,698.7725605877146,79.40995970050128,78.18919362278591
2022-08-26,717.4783325195312,715.5349691145472,700.4730853087888,70.22684921401695,75.88945184707909
2022-08-29,707.4159545898438,713.9111662096064,701.1042552434301,59.28768142504596,72.55724069559686
2022-08-30,713.30615234375,713.7901634364351,702.2135186161863,61.52255119828093,70.16898642104125
2022-09-01,721.6015014648438,715.3524310421169,703.9760625115188,60.520731061111604,66.19355451979135
2022-09-02,721.552490234375,716.5924428805686,705.5739195772329,64.20520218046067,63.15260301578322
2022-09-05,726.8536987304688,718.6446940505487,707.5084449547998,66.32978772658305,62.37319071829644
2022-09-06,747.3222045898438,724.3801961584077,711.1278776488947,76.15565891437576,65.7467862161624
2022-09-07,739.3212280273438,727.368402532195,713.690909501481,65.29676361112863,66.50162869873193
2022-09-08,755.7157592773438,733.0378738812248,717.5113503901958,67.42856804502486,67.88319609551459
2022-09-09,751.7398681640625,736.7782727377923,720.6230338241837,65.4646423418089,68.13508412778424
2022-09-12,755.0776977539062,740.4381577410152,723.7552759996131,69.44316918237567,68.75776041894275
2022-09-13,769.9013671875,746.3307996303122,727.9503751985119,70.8351914803105,67.69366693212972
2022-09-14,769.017822265625,750.8682041573747,731.6837794773404,69.96419365593738,68.62715294109145
2022-09-15,770.73583984375,754.8417312946499,735.2339667833776,69.82914254819642,69.10726784172577
2022-09-16,765.3856201171875,756.9505090591574,737.9750261773602,72.91089330863548,70.5965180350911
2022-09-19,768.4288330078125,759.2461738488885,740.7435540710377,81.27833678667957,72.96355155595188
2022-09-20,777.6568603515625,762.9283111494233,744.099309187449,81.89784431587012,75.1760821230638
2022-09-21,765.9254760742188,763.5277441343824,746.0835061771553,71.24708154129729,75.43265970013577
2022-09-22,769.7540893554688,764.7730131785997,748.2353773751837,72.29787534410956,75.9264062593184
2022-09-23,757.2373657226562,763.2658836874111,749.0537399522267,63.17578691160948,73.9793849799132
2022-09-26,741.235595703125,758.859826090554,748.3429995659446,47.25418811825028,67.17455524622734
2022-09-27,746.6840209960938,756.424665071662,748.1921833323217,53.399827517206,61.47495188649452
2022-09-28,747.5185546875,754.6434429948297,748.1309443646107,45.57968080939733,56.34147174011453
2022-09-29,750.6599731445312,753.84674902477,748.3608560718762,49.41238127564377,51.764372926421366
2022-09-30,785.2650756835938,760.1304143565347,751.7157851274869,62.25588100899708,51.58039174589889
2022-10-03,788.6519165039062,765.834714786009,755.0736152526159,58.39192301073272,53.80793872439538
2022-10-04,793.904052734375,771.4485823756823,758.603655023685,60.71883740982986,55.27174070292015
2022-10-06,774.1717529296875,771.9932164864834,760.0189366515034,51.281094312245294,56.41202340348974
2022-10-07,778.5894165039062,773.3124564899681,761.7071620926308,54.95756537983992,57.52106022432897
2022-10-10,777.8531494140625,774.2205950747871,763.174979121852,53.60088245033885,55.79006051259732
2022-10-11,766.0236206054688,772.5812001809234,763.4339465294535,45.64176391956108,53.240028694363005
2022-10-12,761.3605346679688,770.3370670783324,763.2454545420458,48.19416798738293,50.735094809873615
2022-10-13,754.8322143554688,767.2360965337598,762.4806145250842,44.22054411232116,49.32298476988879
2022-10-14,751.936279296875,764.176133086383,761.5220385952471,47.78147703314157,47.88776710054911
2022-10-17,751.9852905273438,761.7379645745751,760.655061498165,55.19205745480316,48.20600210144198
2022-10-18,768.821533203125,763.1546783002851,761.3974680167977,59.632679099082736,51.00418513734631
2022-10-19,769.06689453125,764.3371215464781,762.0946886090206,59.42463611969209,53.25027876380814
2022-10-20,778.3931274414062,767.1483227254637,763.5763648665102,61.507148218795365,56.70759958510298
2022-10-21,782.85986328125,770.290630836621,765.329410176941,48.66917789390571,56.88513975725582
2022-10-24,787.4247436523438,773.7174533997655,767.338076856523,49.329733867074886,55.712675039710156
2022-10-25,787.62109375,776.4981814698125,769.1819874832028,46.367724333776984,53.05968408664901
2022-10-27,802.1503295898438,781.6286110938188,772.1791094928974,67.21020355601676,54.616797573913935
2022-10-28,801.9049072265625,785.6838703203675,774.8814547414124,65.11781974698694,55.33893187955226
2022-10-31,816.7777099609375,791.9026382484815,778.6902052159147,71.32872605560037,59.87084151189119
2022-11-01,820.2628173828125,797.5746740753477,782.4695335947235,82.71176483147084,66.54724770477038
2022-11-02,795.0330200195312,797.0663432641845,783.6116687242514,66.27139179696994,70.52798119740896
2022-11-03,803.6719970703125,798.3874740254101,785.4353349375297,73.12881931859107,71.71170434992385
2022-11-04,801.4631958007812,799.0026183804844,786.8924131978252,73.6078631489952,73.40971303032548
2022-11-07,807.6478881835938,800.7316723411062,788.7792745601678,75.06632305843576,74.15723243089256
2022-11-09,804.064697265625,801.39827732601,790.168858442482,68.02210753139225,71.21930097087684
2022-11-10,810.64208984375,803.247039829558,792.0300612971427,69.96702881812618,71.95842837510808
2022-11-11,811.7710571289062,804.9518432894278,793.8246972818484,67.40022450917255,70.81270941322438
2022-11-14,806.8626098632812,805.3339966041985,795.0099620619786,62.455492457234435,68.58223527487225
2022-11-15,819.96826171875,808.2608496271089,797.2788983944124,65.51244998100194,66.67146065938547
2022-11-16,825.8094482421875,811.7705693501247,799.8725847442101,67.27359666762742,66.5217584866325
2022-11-17,830.6688842773438,815.5502323355686,802.6722483381313,64.13630939846985,65.35561460270124
2022-11-18,821.9807739257812,816.8363406536112,804.4275688460995,59.182781241746824,63.71212594921609
2022-11-21,835.62646484375,820.594365491639,807.2638321186131,58.71937666866944,62.964902791503086
2022-11-22,832.09228515625,822.8939494245612,809.5209642129437,55.46979244511977,60.95637128432666
2022-11-23,827.8219604492188,823.8795516294928,811.1846911435141,68.80637915921012,61.26292778264319
2022-11-24,832.82861328125,825.6693639598443,813.1523204287628,67.45012288458784,61.925690479866795
2022-11-25,831.3560180664062,826.8066947811568,814.8072020321849,68.0498001771944,63.69909426695632
2022-11-28,822.0789184570312,825.8611395163318,815.4682671617164,58.400006252806655,63.63522018378376
2022-11-29,820.5572509765625,824.800361808378,815.930902053975,59.83603573695828,64.50846884215147
2022-11-30,833.2213134765625,826.484552142015,817.5027576378467,62.554604714806594,63.25811395327075
2022-12-01,833.073974609375,827.8024366354871,818.9183228170765,61.975675818486124,62.16322454005041
2022-12-02,833.1231079101562,828.866570890421,820.2096669164474,65.61579479942915,61.67642346449736
2022-12-05,828.6563110351562,828.8245189193681,820.9775436545119,55.757924857553604,61.14800718544675
2022-12-06,818.10302734375,826.6802206042445,820.7162239898972,45.192883173606276,58.219376672776356
2022-12-07,818.7411499023438,825.0924064638643,820.5366718001196,42.14609523197119,54.137674776209266
2022-12-08,817.36669921875,823.5472650148415,820.2484924745405,46.63802051600428,51.070143715712895
2022-12-09,819.6246948242188,822.7627509767169,820.1917835972384,36.02067574758696,45.15111990534446
2022-12-12,813.24365234375,820.8589312501236,819.5601353014667,34.313868909748464,40.862308715783435
2022-12-13,822.717041015625,821.230553203224,819.8471267300266,46.090199484483556,41.041771977958895
2022-12-14,814.0289306640625,819.7902286953918,819.318199814939,36.37014524870699,39.88658198130605
2022-12-15,811.2310791015625,818.0783987766259,818.5830070228138,35.684421393199415,37.69586215674508
2022-12-16,807.6969604492188,816.0021111111446,817.5933664252143,38.85937606378553,38.2636022199848
2022-12-19,825.0240478515625,817.8064984592282,818.2688829185187,52.7794910748196,41.95672665299902
2022-12-20,813.7835693359375,817.0019126345701,817.861127138284,37.686594864117495,40.2760057289258
2022-12-21,799.1071166992188,813.4229534474998,816.156217098369,31.82780277961183,39.367537235106774
2022-12-22,801.6595458984375,811.0702719376874,814.8383378983752,33.60617210531504,38.9518873775299
2022-12-23,793.85498046875,807.6272136439,812.9307599502274,32.47656155400293,37.675324475573376
2022-12-26,796.1619873046875,805.3341683760575,811.4063260733602,37.95151406274509,34.70972907315848
2022-12-27,799.8923950195312,804.2458137047523,810.3596050684666,39.98954928368508,35.170319957071996
2022-12-28,789.0936889648438,801.2153887567706,808.4263399681372,36.35072500493552,36.07490440213674
2022-12-29,805.7335815429688,802.1190273140103,808.1815437476673,44.11151668445003,38.17597331796373
2022-12-30,791.3516235351562,799.9655465582396,806.6515510010754,41.30940756588591,39.942542520340325
2023-01-02,798.6162109375,799.6956794340916,805.9210655407503,40.261791363982525,40.40459798058781
2023-01-03,802.6411743164062,800.2847784105546,805.6228936112644,45.218463210175216,41.45038076588584
2023-01-04,796.9473266601562,799.617288060475,804.8342057066183,44.144875336696245,43.00921083223799
2023-01-05,792.333251953125,798.160480839005,803.6977553653916,43.757455396578735,42.93839857466373
2023-01-06,781.4364013671875,794.8156649446416,801.6739959110093,31.313101710065496,40.93913740349964
2023-01-09,804.4083251953125,796.7341969947759,801.9225713004914,46.34799991631051,42.15637911396524
2023-01-10,778.343994140625,793.0561564239457,799.779064285958,42.57109675920285,41.62690582377077
2023-01-11,751.54345703125,784.7536165454065,795.3940090809846,34.72011320226643,39.7419533968848
2023-01-12,743.0518188476562,776.4132570058566,790.6356281506819,34.57525566790913,37.90551345115089
2023-01-13,750.3163452148438,771.1938746476541,786.9702387928785,36.48723282001243,38.94033967314027
2023-01-16,745.2606201171875,766.0072237415608,783.1784552769066,34.02239218126522,36.47521812613121
2023-01-17,751.6907958984375,763.1439381729361,780.3159407879549,38.774307169866354,35.71586020826391
2023-01-18,762.3422241210938,762.9835953625677,778.681966545513,36.491412484257296,36.070120064662085
2023-01-19,757.87548828125,761.9619739463042,776.790468521489,38.89248244277777,36.93356541963581
2023-01-20,750.463623046875,759.6623037664183,774.3971189328877,34.03837594179676,36.44379404399268
2023-01-23,758.562744140625,759.4423918412597,772.9576303154092,35.773146037711015,36.79394481528184
2023-01-24,761.458740234375,759.8456615198828,771.9122766716788,38.3349429892896,36.70607197916649
2023-01-25,762.293212890625,760.3351717940313,771.0378163279465,39.87428024059324,37.38264553043368
2023-01-27,760.3297119140625,760.3340798180376,770.0643522903207,42.42955881052311,38.090060803982745
2023-01-30,756.1084594726562,759.4889557489614,768.7956347614421,29.98369546796738,37.279124709216866
2023-01-31,756.2066040039062,758.8324853999504,767.6511774198478,38.30999515896452,37.78649453346757
2023-02-01,755.028564453125,758.0717012105854,766.5036671501457,52.52315023481647,40.624135982572945
2023-02-02,763.5203247070312,759.1614259098747,766.2324542007716,64.81877538611641,45.61303501167758
2023-02-03,778.3931274414062,763.0077662161809,767.3379699499202,68.30990512491064,50.789104274555086
2023-02-06,774.8098754882812,765.368188070601,768.0172340897713,69.6474908141127,58.72186334378415
2023-02-07,771.5211791992188,766.5987862963245,768.3357745542664,63.76019305715905,63.811902923423055
2023-02-08,760.9187622070312,765.4627814784659,767.6615007045177,49.011595382189896,63.10959195289773
2023-02-09,752.6234741210938,762.8949200069915,766.2944073787519,46.53728308975322,59.4532934936251
2023-02-10,757.8264770507812,761.8812314157495,765.5245955307546,55.00005388301748,56.79132324524646
2023-02-13,754.5377197265625,760.4125290779123,764.5257886394644,47.075575785096994,52.276940239443334
2023-02-14,761.0169067382812,760.5334046099861,764.2067993757205,49.69486878809925,49.46387538563137
2023-02-15,771.0303955078125,762.6328027895514,764.8271262968198,55.35500523716893,50.732557356627176
2023-02-16,770.0977172851562,764.1257856886725,765.306270932123,56.06341085283066,52.63778290924266
2023-02-17,762.587646484375,763.8181578478132,765.0591232550549,53.864130256735066,52.41059818398618
2023-02-20,764.8947143554688,764.0334691493443,765.0441769914562,55.048496722197555,54.00518237140629
2023-02-21,764.7964477539062,764.1860648702567,765.0216561516788,55.74806317097612,55.21582124798167
2023-02-22,758.0228271484375,762.9534173258928,764.3853989695659,46.69814398674434,53.48444899789674
2023-02-23,748.9910278320312,760.1609394271205,762.9859106843355,31.008258650135687,48.47341855735775
2023-02-24,743.2481079101562,756.7783731237278,761.191564977592,30.166611691967802,43.7339148444043
2023-02-27,739.1249389648438,753.2476862919509,759.1855080673421,29.85351878308846,38.69491925658248
2023-02-28,728.6697998046875,748.3321089944982,756.411352770737,29.908304046957582,33.52696743177877
2023-03-01,736.474365234375,745.9605602424735,754.5988993583405,39.87691003321731,32.16272064107336
2023-03-02,726.5591430664062,742.0802768072601,752.0498306045283,31.493352137994606,32.259739338645154
2023-03-03,750.4146118164062,743.7471438090894,751.9011743510627,48.03741271886017,35.83389954402362
2023-03-06,752.57421875,745.5125587972716,751.9623602055115,45.80896071921355,39.024987931248646
2023-03-08,752.5252075195312,746.9150885417235,752.0135281431496,39.80527091995973,41.004381305849066
2023-03-09,759.2499389648438,749.3820586263475,752.6713836723945,44.382338550312724,41.90546700926816
2023-03-10,759.5934448242188,751.4243358659219,753.3006619589239,48.325092576217045,45.27181509691265
2023-03-13,751.298095703125,751.3990878333625,753.1186104811239,42.871825524564805,44.23869765805357
2023-03-14,757.6791381835938,752.6550979034088,753.5332039086212,46.49928730881324,44.376762975973506
2023-03-15,742.8063354492188,750.6853454125709,752.5580340486755,43.06793125404915,45.02929504279139
2023-03-16,732.3020629882812,747.008688927713,750.7165821340942,42.49777758266844,44.65238284926254
2023-03-17,743.3953247070312,746.2860160835768,750.0510132770885,50.06314136125654,44.99999260627044
2023-03-20,740.9901733398438,745.2268475348302,749.2273005555207,50.81196608447423,46.58802071825232
2023-03-21,743.100830078125,744.8016440434892,748.6703486939393,56.774199833136215,48.643003223116914
2023-03-22,742.85546875,744.4124089847915,748.1417232444903,53.22423064160179,50.67426310062744
2023-03-23,749.5801391601562,745.4459550198644,748.2724883277326,62.01953841015875,54.57861526612551
2023-03-24,748.500244140625,746.0568128440166,748.2931934016319,48.68859738246295,54.303706470366784
2023-03-27,747.8130493164062,746.4080601384945,748.2495439393387,46.67129798341431,53.4755728501548
2023-03-28,734.7564086914062,744.077729849077,747.0228952804357,39.48896992454057,50.01852686843567
2023-03-29,729.9951171875,741.2612073167616,745.4749154538051,32.28292553824589,45.830265847764494
2023-03-31,735.2963256835938,740.068230990128,744.5495891110586,36.1189141841736,40.650141002567466
2023-04-03,746.635009765625,741.3815867452274,744.7391728069283,47.425476994412875,40.39751692495745
2023-04-05,749.48193359375,743.001656114932,745.1703328784575,45.290479406564565,40.1213532095875
2023-04-06,751.936279296875,744.7885807513206,745.7854189164955,56.11848138461702,43.44725550160279
2023-04-10,755.6666870117188,746.9642020034003,746.6837160160612,67.22148242788505,50.43496687953062
2023-04-11,759.9862060546875,749.5686028136578,747.8930332923001,63.585286059419914,55.92824125457988
2023-04-12,756.991943359375,751.0532709228012,748.7202069347613,62.9776921089288,59.03868427748307
2023-04-13,753.0160522460938,751.4458271874597,749.1107383267006,57.80525843918855,61.54164008400786
2023-04-17,745.75146484375,750.3069547187179,748.8053498282504,52.052863573353264,60.72851652175511
2023-04-18,745.849609375,749.4154856499744,748.5366461506821,47.08137352745957,56.70049474167001
2023-04-19,750.6599731445312,749.6643831488857,748.7296758773957,51.596500647443385,54.30273765927471
2023-04-20,758.1699829101562,751.3655031011399,749.5878856076466,56.95448323346912,53.09809588418277
2023-04-21,751.199951171875,751.3323927152869,749.7344370225765,62.02441025219881,53.94192624678483
2023-04-24,746.3405151367188,750.3340171995733,749.4258986693167,61.93550974930363,55.9184554819749
2023-04-25,758.4644775390625,751.9601092674711,750.2475876574754,65.38459979621598,59.579100735726186
2023-04-26,759.2989501953125,753.4278774530395,751.0704387972788,59.77271142980412,61.21434289219833
2023-04-27,772.1102294921875,757.1643478608692,752.9831470422705,65.13462452258057,62.85037115002062
2023-04-28,784.676025390625,762.6666833668204,755.8643178012119,69.28859099016167,64.3032072976132
2023-05-02,775.7425537109375,765.2818574356438,757.6714301566415,61.14443931702815,64.1449932111581
2023-05-03,765.0419311523438,765.2338721789838,758.3414757017052,52.62084130926579,61.59224151376806
2023-05-04,774.6626586914062,767.1196294814683,759.8252196098599,58.57145986927145,61.35199120166152
2023-05-05,772.8955688476562,768.2748173547059,761.0134331769323,59.854028731966885,60.29587204353878
2023-05-08,779.2276000976562,770.465373903296,762.6692665333618,66.74854569051072,59.787862983608605
2023-05-09,779.0802612304688,772.1883513687305,764.1611751421897,66.61754714527882,60.88248454925874
2023-05-10,781.4854736328125,774.0477758215469,765.73611136861,65.79474910478334,63.51726610836224
2023-05-11,774.1717529296875,774.072571243175,766.5029878741625,58.21570998001327,63.44611613051061
2023-05-12,777.4605102539062,774.7501590453213,767.4991262723211,64.01251917446402,64.27781421901003
2023-05-15,782.4671630859375,776.2935598534447,768.8598568917407,69.24678260496327,64.77746160190054
2023-05-16,772.9446411132812,775.623776105412,769.2312009118807,57.93436274067162,63.0408247209791
2023-05-17,777.7550048828125,776.0500218608921,770.0060921819653,59.69070156187507,61.82001521239745
2023-05-18,784.72509765625,777.7850370199637,771.3441835887185,57.056526780263766,61.588178572447546
2023-05-19,791.008056640625,780.429640944096,773.131808411619,53.80981479740528,59.5476376970358
2023-05-22,787.1793212890625,781.7795770130895,774.4088550368411,57.33155958995226,57.164593094033606
2023-05-23,785.3141479492188,782.4864912003154,775.4002453016027,64.65573539015479,58.508867623930236
2023-05-24,786.7376098632812,783.3367149329086,776.4309148072098,59.90332747317878,58.55139280619098
2023-05-25,807.6478881835938,788.1989495830456,779.2688214777901,71.6911064414032,61.47830873841887
2023-05-26,802.9848022460938,791.1561201156553,781.424819729454,65.14386826587733,63.74511943211328
2023-05-29,806.2244262695312,794.1697813464305,783.6793294149156,66.64660375296265,65.60812826471536
2023-05-30,803.4756469726562,796.0309544716756,785.4789946474375,63.42924363383173,65.36282991345074
2023-05-31,834.350341796875,803.6948319367154,789.9218443882955,78.53819213291267,69.08980284539751
2023-06-01,812.8018188476562,805.5162293189037,792.0018420664192,64.28567199146559,67.60871595540999
2023-06-02,821.1954345703125,808.6520703691856,794.6558050213185,65.2375234737838,67.6274469969913
2023-06-05,819.2319946289062,810.7680552211298,796.8900040765537,69.36339468365315,68.17080518312939
2023-06-06,814.2744140625,811.4693269894038,798.470404984367,65.25837543620204,68.53663154360345
2023-06-07,828.8035888671875,814.9361793649606,801.2279671555325,67.32248448325323,66.29349001367157
2023-06-08,820.70458984375,816.0898614607186,802.9985692180977,61.506255569282345,65.73760672923491
2023-06-09,818.2503051757812,816.5219502037311,804.3850906687962,62.16840675087976,65.1237833846541
2023-06-12,821.048095703125,817.4271793036099,805.8999093082807,63.89308778156245,64.02972200423596
2023-06-13,819.0847778320312,817.7586990092942,807.0985337195307,62.523760776829704,63.4827990723615
2023-06-14,812.8018188476562,816.7673229769666,807.6170141857239,52.250312861763064,60.46836474806346
2023-06-15,814.519775390625,816.3178134596984,808.2445379316239,55.169354066658464,59.20098444753869
2023-06-16,822.4716186523438,817.5485744982275,809.5379089062349,56.98605906003632,58.16451490937
2023-06-19,812.9981689453125,816.6384933876445,809.8524780006965,53.870703800865066,56.16003811323052
2023-06-20,815.992431640625,816.5092810382407,810.4106556043263,40.35086143398667,51.72545824466192
2023-06-21,823.649658203125,817.9373564712175,811.6142012951261,56.67675205057368,52.61074608242404
2023-06-22,827.380126953125,819.8259105675991,813.0474672640352,54.038441917855394,52.38456365266343
2023-06-23,839.16064453125,823.6928573603293,815.4213924701456,61.534140966828716,53.294180034021906
2023-06-26,836.3627319335938,826.2268322749823,817.3251506031864,63.11188114435442,55.14241550271978
2023-06-27,849.0758056640625,830.7966269527983,820.2115737905388,62.29900346004361,59.53204390793117
2023-06-28,856.2422485351562,835.8857512692699,823.487089676413,71.80719299651759,62.55813209711995
2023-06-30,862.6724243164062,841.2430858786972,827.0493928255032,75.99079802361774,66.9486033182724
2023-07-03,863.0650634765625,845.6074813982704,830.3235447028723,75.29550358337596,69.70087584158186
2023-07-04,849.3212890625,846.3502429311163,832.0506123719293,65.94202758635782,70.26690512998255
2023-07-05,850.7937622070312,847.2389467862994,833.7545350842113,71.1014262429793,72.02738968656968
2023-07-06,853.7389526367188,848.5389479563834,835.5713003162574,71.4900895031608,71.96396898789833
2023-07-07,854.5242919921875,849.7360167635443,837.2942995595238,69.06015105816937,70.57783959480865
2023-07-10,869.2007446289062,853.6289623366167,840.1948854749222,81.47335939641566,71.81341075741659
2023-07-11,875.5818481445312,858.0195394981996,843.4118820812503,82.15043820565865,75.05509288127675
2023-07-12,873.66748046875,861.1491276923097,846.1623910255684,78.76904497774282,76.58861662822946
2023-07-13,868.8571166992188,862.6907254936915,848.2255479049911,73.56384015290374,77.00336675817805
2023-07-14,870.2805786132812,864.2086961176095,850.2305506966538,70.03787738855881,77.19891202425593
2023-07-17,862.0342407226562,863.773805038619,851.3036134262904,65.44593214986082,73.99342657494496
2023-07-18,859.4328002929688,862.905604089489,852.0426304141703,57.09484630738857,68.98230819529095
2023-07-19,854.8187866210938,861.2882405958101,852.2950082511633,48.989551506790924,63.02640950110058
2023-07-20,868.6607666015625,862.7627457969605,853.7828044648359,53.84612972244894,59.082867415009616
2023-07-21,869.789794921875,864.1681556219435,855.2379854154757,54.27861770722819,55.9310154787435
2023-07-24,871.9004516601562,865.7146148295861,856.752755074083,66.86214896827097,56.21425884242552
2023-07-25,867.4827880859375,866.0682494808565,857.7282126206152,61.9382308227653,57.18293574550087
2023-07-26,873.1275634765625,867.4801122799978,859.1281536075195,63.35359235397825,60.05574391493833
2023-07-27,878.7723999023438,869.738569804467,860.9139941797762,65.65272996193207,62.41706396283496
2023-07-28,878.7232055664062,871.535496956855,862.5330133967426,57.578050775504806,63.076950576490276
2023-07-31,873.618408203125,871.9520792061091,863.5407765609591,48.40507970883,59.38553672460208
2023-08-01,875.33642578125,872.6289485211374,864.6131083082582,51.360038039683026,57.26989816798563
2023-08-02,862.0342407226562,870.5100069614413,864.3786658004763,45.11593888828692,53.622367474847366
2023-08-03,855.7514038085938,867.5582863308719,863.5943692557596,40.275994026202355,48.54702028770142
2023-08-04,873.3729858398438,868.7212262326663,864.4833343997672,56.742590097675986,48.37992815213566
2023-08-07,875.0909423828125,869.9951694626956,865.4476623982258,59.40999500418519,50.5809112112067
2023-08-08,869.2007446289062,869.8362844959378,865.788851691924,58.512481485495464,52.01139990036918
2023-08-09,867.5317993164062,869.3753874600316,865.9473014759678,49.2192769416355,52.83206751103889
2023-08-10,858.794677734375,867.2592455149003,865.2970629540048,43.12037810729436,53.4009443272573
2023-08-11,858.548095703125,865.5170155525453,864.683520476652,41.445918056927376,50.341609919107576
2023-08-14,855.0963745117188,863.4328873443801,863.8119617525671,41.96530025156566,46.852670968583666
2023-08-16,845.1356201171875,859.7734338989417,862.1141125129872,32.805240536171155,41.711222778718806
2023-08-17,844.8890991210938,856.7965669433721,860.5482022046333,27.70788927991468,37.40894524637464
2023-08-18,844.4452514648438,854.3263038476664,859.0842975919252,27.564747879554886,34.29781920082675
2023-08-21,859.9287719726562,855.4467974726643,859.1610679901735,42.111701106234996,34.430975810688274
2023-08-22,865.5502319335938,857.4674843648503,859.7419010759389,44.60371170882519,34.95865810214018
2023-08-23,856.1812744140625,857.2102423746928,859.4182077430411,46.6262214313307,37.72285428117209
2023-08-24,857.4632568359375,857.2608452669418,859.2404849333043,51.04711826869876,42.3907000789289
2023-08-25,861.4574584960938,858.1001679127723,859.4420279844669,41.253216915059106,45.12839388602975
2023-08-28,858.350830078125,858.1503003458429,859.3428281747994,37.95717677970507,44.297489020723766
2023-08-29,843.4097900390625,855.2021982844869,857.8943701624596,33.583783275589994,42.09350333407673
2023-08-30,845.924560546875,853.3466707369646,856.8062056519519,36.39327375804747,40.04691379942008
2023-08-31,844.59326171875,851.5959889333217,855.6959380216608,40.13698583682764,37.864887313045855
2023-09-01,854.0115356445312,852.0790982755636,855.5428105328308,47.20534633973201,39.05531319798044
2023-09-04,853.3704833984375,852.3373753001384,855.3453262478859,48.898662285775266,41.24361029919448
2023-09-05,853.9622192382812,852.6623440877671,855.2195892470127,56.3974501329346,45.806343670663395
2023-09-06,868.1636352539062,855.7626023209949,856.3963207021848,64.03091636421438,51.33387219189679
2023-09-07,863.2326049804688,857.2566028528897,857.0178010911196,60.74454939577356,55.45538490368597
2023-09-08,873.6371459960938,860.5327114815307,858.5286506279355,58.32340149244439,57.67899593422844
2023-09-11,878.5189208984375,864.1299533649121,860.3459479252538,57.945653092529454,59.48839409557927
2023-09-12,878.1244506835938,866.9288528286486,861.9621754487392,65.1052612561437,61.22995632022109
2023-09-13,902.533203125,874.049722887919,865.6504506920356,73.53251987956261,63.13027702329075
2023-09-14,902.3359985351562,879.7069780173664,868.9855004959556,72.2252972978713,65.4264266037103
2023-09-15,923.2437133789062,888.4143250896744,873.9180653034965,79.5598954843524,69.67372540209189
2023-09-18,907.5136108398438,892.2341822397083,876.9722058068008,78.99204944021456,73.88300467162892
2023-09-20,898.1445922851562,893.4162642487979,878.896968213924,72.23862937515173,75.30967829543052
2023-09-21,905.2946166992188,895.7919347388821,881.2967544398598,74.62987003659818,75.52914832683763
2023-09-22,898.8349609375,896.4005399786057,882.8911368487362,68.63473297609363,74.81103546248211
2023-09-25,897.8487548828125,896.6901829594472,884.2509203063794,68.43832452657563,72.58672127092674
2023-09-26,900.1170043945312,897.3755472464641,885.6932915871204,68.87101330503762,70.56251404389135
2023-09-27,907.5629272460938,899.4130232463901,887.6814402833907,67.05085265093084,69.52495869904718
2023-09-28,912.8884887695312,902.1081163510185,889.972990145767,71.41646976072242,68.88227864387201
2023-09-29,913.6281127929688,904.4121156394085,892.123455840967,68.81674912724277,68.91868187410185
2023-10-03,912.5432739257812,906.0383472966831,893.9798029395864,66.60253451074412,68.55152387093555
2023-10-04,911.5077514648438,907.1322281303153,895.5732528055189,66.18844889802335,68.0150109895327
2023-10-05,916.0443725585938,908.914657015971,897.4342636921621,58.116155316654236,66.22807152267738
2023-10-06,913.282958984375,909.7883174096518,898.8750541732724,56.37931218455563,63.22064000744401
2023-10-09,911.8036499023438,910.1913839081901,900.0503810577334,41.381869344515565,57.733664050898575
2023-10-10,935.2755126953124,915.2082096656147,903.2526657520586,68.7292315370165,58.15900345615305
2023-10-11,942.425537109375,920.6516751543668,906.813835875451,80.79563639450728,61.080440955449845
2023-10-12,937.2479248046876,923.970925084431,909.5805712326543,72.84911344097344,64.02703258031367
2023-10-13,941.0448608398438,927.3857122355137,912.4409611969442,81.3782971243659,69.02682956827574
2023-10-16,933.5003051757812,928.6086308235673,914.3554470132021,74.14825931116603,75.58010756160584
2023-10-17,940.5025024414062,930.9874051471351,916.7324520521297,75.70621820114444,76.97550489443142
2023-10-18,939.7135009765624,932.7326243130206,918.8216383179872,72.35936970734225,75.28825155699842
2023-10-19,929.949951171875,932.1760896847915,919.833303122886,61.175669116876904,72.95356269217909
2023-10-20,932.1689453125,932.1746608103333,920.9547251401236,61.913797309391754,69.06066272918427
2023-10-23,926.3502807617188,931.0097848006104,921.4452301966322,58.363192989253506,65.90364946480176
2023-10-25,909.8804931640624,926.7839264733009,920.3938904663986,49.169601193038304,60.59632606318055
2023-10-26,893.0162353515625,920.0303882489533,917.9050127286863,39.56190736511978,54.03683359473605
2023-10-27,901.9907836914062,916.4224673374439,916.4582646343881,45.15445881142012,50.832591533644695
2023-10-30,913.480224609375,915.8340187918302,916.1875337230233,50.66251312653425,48.58233469707319
2023-10-31,901.7935791015624,913.0259308537767,914.8789923937995,35.41044105272228,43.99178430976695
2023-11-01,900.8566284179688,910.5920703666152,913.6042320323603,30.849670482682797,40.327798167695846
2023-11-02,911.11328125,910.6963125432922,913.3777819612366,38.49830935703987,40.11507856607986
2023-11-03,917.9181518554688,912.1406804057276,913.7905428607122,40.08459709091518,39.101106221978874
2023-11-06,926.251708984375,914.9628861214571,914.9233761446816,46.913103396649355,38.3512242760019
2023-11-07,924.2299194335938,916.8162927838845,915.7694255345826,42.76315503748035,39.821767072953506
2023-11-08,923.8353881835938,918.2201118638264,916.5026948663109,42.91372321062302,42.23457761854156
2023-11-09,919.49609375,918.4753082410613,916.7748220375554,45.097149020609166,43.554345551255416
2023-11-10,922.6026611328124,919.3007788194116,917.3046255916696,45.55046444550425,44.64751902217323
2023-11-13,922.1095581054688,919.862534676623,917.7414376383787,47.924713826758406,44.84984110819504
2023-11-15,936.9027709960938,923.2705819405172,919.4833770345346,63.44453169933877,48.986116440566725
2023-11-16,936.458984375,925.9082624274139,921.026614065486,75.83572658557202,55.57051711555653
2023-11-17,934.2399291992188,927.574595781775,922.2278245321891,70.85448238951318,60.72198378933733
2023-11-20,948.1456298828124,931.6888026019825,924.583988654973,71.73768935769566,65.9594287717756
2023-11-21,957.46533203125,936.844108487836,927.5732016891801,85.97817940849338,73.5701218881226
2023-11-22,956.3804931640624,940.7513854230814,930.1920463687148,85.81414813630825,78.0440451755165
2023-11-23,963.1854248046876,945.2381932994026,933.1914444083487,85.15303095230249,79.90750604886259
2023-11-24,959.733642578125,948.1372831551471,935.604371514692,79.56752576296252,81.65011472355245
2023-11-28,971.3216552734376,952.7741575788052,938.8513973109416,80.46653749925727,83.3958843518648
2023-11-29,981.6768798828124,958.5547020396068,942.7446229992934,84.90105673469043,83.18045981710421
2023-11-30,1000.7107543945312,966.9859125105918,948.0142713079513,88.08007807539782,83.63364580492211
2023-12-01,1000.7107543945312,973.7308808873797,952.8048606794586,92.03666413721936,85.01037244190549
2023-12-04,1018.6598510742188,982.7166749247475,958.791677988073,93.09726700298096,87.71632068990917
2023-12-05,1016.8847045898438,989.5502808577669,964.0728622245975,92.03844762723631,90.03070271550499
2023-12-06,1010.3262939453124,993.705483475276,968.2777196537534,85.13438129579164,90.07736762772522
2023-12-07,986.2134399414062,992.207074768502,969.9082396799037,69.41127781341686,86.34360757532902
2023-12-08,986.4599609375,991.0576520023017,971.4129416124124,70.69167416791734,82.07460958146862
2023-12-11,987.0516967773438,990.2564609573101,972.8346466274062,67.23457616597005,76.90207141406644
2023-12-12,981.5289306640624,988.5109548986607,973.6250360852839,61.03073827366073,70.70052954335134
2023-12-13,986.1148681640624,988.031737551741,974.7604753651729,63.20632166770577,66.31491761773415
2023-12-14,991.341796875,988.6937494163928,976.2678682297026,62.68324575661656,64.9693112063741
2023-12-15,978.8661499023438,986.7282295135831,976.5040756544881,57.97040646487082,62.42505766576478
2023-12-18,976.5978393554688,984.7021514819603,976.5125996273046,52.383047488930345,59.454751930356835
2023-12-19,974.8226928710938,982.726259759787,976.3589717403763,46.64413064279672,56.57743040418404
2023-12-20,958.1556396484376,977.8121357375172,974.7041233683819,28.67030307850925,49.67022668634474
2023-12-21,964.4181518554688,975.1333389611076,973.7690350490261,32.88376511226252,43.71033055747393
2023-12-22,975.907470703125,975.2881653095111,973.9634382903079,28.528969820919187,37.822043228683604
2023-12-26,986.0654296875,977.443618185109,975.0636193264162,35.72403162667719,34.49024005623297
2023-12-27,1007.1211547851562,983.3791255051185,977.9779407317561,48.691121921844726,34.899638312042576
2023-12-28,1022.4074096679688,991.1847823376886,982.0169833623208,65.92878754668489,42.3513352056777
2023-12-29,1017.9694213867188,996.5417101474948,985.2853868190842,63.37376152084178,48.44933448739356
2024-01-01,999.08349609375,997.0500673367459,986.5397603895084,54.42028754774486,53.62759803275869
2024-01-02,1007.6142578125,999.1629054318968,988.4556237915986,59.37609692229934,58.35801109188312
2024-01-03,1020.9281005859376,1003.5159444627051,991.4076671365384,61.77448348583181,60.97468340468053
2024-01-04,1033.4530029296875,1009.5033561561016,995.2299703904611,63.5727584047037,60.5034775762843
2024-01-05,1032.1710205078125,1014.0368890264439,998.5882476738566,68.51664882170233,61.532055036456406
2024-01-08,1034.5872802734375,1018.1469672758426,1001.8608870010911,70.1232558661651,64.67264870014046
2024-01-09,1049.82421875,1024.482417570674,1006.2211898873555,73.80284101892997,67.55799751946658
2024-01-10,1048.0489501953125,1029.1957240956017,1010.0237135517152,81.50710016386637,71.5045208550735
2024-01-11,1048.1968994140625,1032.995959159294,1013.494003175565,80.67895376536204,74.92575992720516
2024-01-12,1061.5107421875,1038.6989157649352,1017.8591612675591,80.93372598459096,77.40917535978289
2024-01-15,1087.2017822265625,1048.3994890572608,1024.1630359001956,82.8580958137218,79.95614334929424
2024-01-16,1080.791259765625,1054.8778431989338,1029.3110562515983,76.4518005249988,80.48593525050799
2024-01-17,1070.2882080078125,1057.9599161607096,1033.0362518657996,67.80348780683754,77.74521277910223
2024-01-18,1072.0633544921875,1060.7806038270053,1036.5841702863802,70.5200615132994,75.7134343286897
2024-01-19,1109.4901123046875,1070.5225055225417,1043.2119831971354,86.71695680520406,76.87008049281232
2024-01-23,1142.03515625,1084.8250356680335,1052.195908020123,88.54637917974094,78.00773716601614
2024-01-24,1173.544677734375,1102.5689640813018,1063.2276143577822,89.62868247670113,80.64311355635661
2024-01-25,1144.550048828125,1110.9651810306666,1070.620562945995,76.57468623657333,82.39735324230377
2024-01-29,1146.1279296875,1117.9977307620334,1077.4848690134045,77.22023978572192,83.73738889678827
2024-01-30,1142.67626953125,1122.9334385158768,1083.4113599695722,75.69152241996724,81.53230201974091
2024-01-31,1154.56005859375,1129.2587625314513,1089.879423480861,75.29776612017733,78.88257940782819
2024-02-01,1135.328857421875,1130.4727815095362,1094.0111902027713,69.44201984671466,74.84524688183089
2024-02-02,1134.9344482421875,1131.3651148560664,1097.7314863881727,69.30001542797417,73.39031272011106
2024-02-05,1098.1981201171875,1124.7317159082907,1097.773907636265,57.39274429093678,69.42481362115403
2024-02-06,1118.4154052734375,1123.46845378132,1099.6504074214624,56.43162857522305,65.57283485220519
2024-02-07,1118.661865234375,1122.507136071931,1101.3787217680908,58.006701931295915,62.11462201442892
2024-02-08,1126.4036865234375,1123.2864461622323,1103.6537185640314,62.00423871330296,60.627065787746574
2024-02-09,1104.8056640625,1119.590289742286,1103.758440882074,56.45665322337987,58.058393346827714
2024-02-12,1103.2769775390625,1116.3276273016413,1103.7146714872547,48.572721705128984,56.29438882966615
2024-02-13,1102.438720703125,1113.549845981938,1103.5986759614248,39.35293198590956,52.87864951180345
2024-02-14,1100.4661865234375,1110.933114090238,1103.313904194335,26.63924734749304,46.60515859504288
2024-02-15,1105.2493896484375,1109.796369201878,1103.4898574174351,35.13608096066926,41.23152704451614
2024-02-16,1104.55908203125,1108.7489117677524,1103.5870596550546,34.17196232490862,36.774588864821894
2024-02-19,1126.4530029296875,1112.2897300001393,1105.6657817709304,44.58344167727011,35.97673285925011
2024-02-20,1128.1788330078125,1115.467550601674,1107.712422792465,40.55101964079752,36.21635039022771
2024-02-21,1124.1846923828125,1117.2109789579017,1109.209901846133,45.51943673087173,39.99238826690345
2024-02-22,1119.8946533203125,1117.7477138303839,1110.1812428892404,44.13684471009251,41.79254101678809
2024-02-23,1110.229736328125,1116.2441183299322,1110.1856513836844,55.945330680857175,46.14721468797781
2024-02-26,1094.7462158203125,1111.9445378280084,1108.7820663324687,37.730024856606235,44.776531323845035
2024-02-27,1111.9556884765625,1111.9467679577192,1109.0705774364772,47.043514481327485,46.07503029195102
2024-02-28,1113.1883544921875,1112.195085264613,1109.444920805178,43.81915343069527,45.734973631915736
2024-02-29,1107.86279296875,1111.3286268054405,1109.3010910018663,51.6865418753182,47.24491306496087
2024-03-01,1113.13916015625,1111.6907334756024,1109.6500063795377,55.22467979104126,47.10078288699769
2024-03-04,1117.8729248046875,1112.9271717414194,1110.3975444181876,57.85245919965618,51.125269755607675
2024-03-05,1152.784912109375,1120.8987198150107,1114.250941481023,69.93615332876244,55.70379752509467
2024-03-06,1177.242919921875,1132.1675598363836,1119.9774849756457,73.85621655293485,61.71121014954258
2024-03-07,1183.1602783203125,1142.3661035331695,1125.7213752797063,75.17372147484392,66.40864606944773
2024-03-11,1180.1029052734375,1149.9134638812232,1130.665150733682,69.54017673745294,69.27174545873007
2024-03-12,1187.6475830078125,1157.460287706541,1135.8453718495118,70.77875991449099,71.85700560169703
2024-03-13,1152.636962890625,1156.495622743358,1137.3718801259765,58.1704771793396,69.50387037181245
2024-03-14,1178.1304931640625,1160.8225968274987,1141.0772085839842,64.90781595690162,67.7141902526058
2024-03-15,1203.180419921875,1169.2941614463741,1146.722955069247,72.05708379729029,67.09086271709509
2024-03-18,1208.4073486328125,1177.1167988836619,1152.3306272113891,78.35174097116325,68.85317556383714
2024-03-19,1211.415283203125,1183.9764957475545,1157.7019595742743,76.70103484685721,70.0376305503104
2024-03-20,1214.8177490234375,1190.1447464027312,1162.8943040696527,76.96934515402576,73.79740414524763
2024-03-21,1203.969482421875,1192.90969360656,1166.6284111925818,74.7775295043273,75.77134685473277
2024-03-22,1219.058349609375,1198.139424807123,1171.394769230472,75.99222111586008,76.55837431844672
2024-03-26,1196.37548828125,1197.7866375019485,1173.6657436896337,67.70461844769193,74.42894981375245
2024-03-27,1207.914306640625,1199.812171329684,1176.779249412451,63.898565889087216,71.86845602219844
2024-03-28,1211.661865234375,1202.1821101106223,1179.9503963053533,59.68908071255773,68.41240313390486
2024-04-01,1200.56689453125,1201.859066994748,1181.8246234167982,54.76124491220103,64.4091462154796
2024-04-02,1191.5924072265625,1199.805735041111,1182.7126037631404,53.04419093256607,59.819540178820795
2024-04-03,1208.8017578125,1201.6049395953887,1185.084345040355,55.3318224528814,57.34498097985869
2024-04-04,1190.211669921875,1199.3262856606862,1185.5504654841295,60.32521481513286,56.63031076506782
2024-04-05,1174.5802001953125,1194.3770685676113,1184.5531686396914,48.96850178111128,54.48619497877853
2024-04-08,1188.09130859375,1193.1199165728392,1184.874817726424,45.30095767554597,52.594137531447515
2024-04-09,1187.8447265625,1192.0648785707715,1185.1448094387945,43.39140457712192,50.663580260358685
2024-04-10,1212.4508056640625,1196.1420639894297,1187.6271727320006,50.292234882020885,49.65566274618658
2024-04-12,1208.6539306640625,1198.6444373243564,1189.5386961803697,48.26437201986482,47.24349418713298
2024-04-15,1207.667724609375,1200.4490947813601,1191.1867896739157,51.1026013180555,47.67031409452182
2024-04-16,1199.6793212890625,1200.2951400829006,1191.9588380025652,43.96686111691717,47.40349478279606
2024-04-18,1248.2996826171875,1209.896048589758,1197.0807329675308,63.917534543289136,51.5087207760295
2024-04-19,1271.2291259765625,1222.162664067119,1203.8214959683519,65.99400419496666,54.649074638618664
2024-04-22,1279.6612548828125,1233.6623822302577,1210.71601950603,66.78023162431627,58.352246559508956
2024-04-23,1323.843505859375,1251.6986069560812,1221.0003364472432,76.1506328156802,63.36185285903389
2024-04-24,1317.9755859375,1264.9540027523649,1229.8162682190846,77.167695735117,70.00201978267384
2024-04-25,1320.243896484375,1276.011981498767,1238.0369616977473,75.60037643406122,72.33858816082827
2024-04-26,1307.718994140625,1282.3533840271386,1244.371691919827,77.76742538488787,74.69327239881251
2024-04-29,1314.080078125,1288.698722846711,1250.7088179384791,84.47477674625426,78.2321814232001
2024-04-30,1304.070068359375,1291.772991949244,1255.559840704015,79.16669224884542,78.83539330983315
2024-05-02,1286.0716552734375,1290.632724614083,1258.333642028508,72.67762057671203,77.93737827815217
2024-05-03,1259.7890625,1284.4639921912665,1258.465952980462,60.84501606637974,74.98630620461587
2024-05-06,1265.706298828125,1280.712453518638,1259.1241662393404,62.94472002725362,72.02176513308902
2024-05-07,1268.41845703125,1278.2536542211606,1259.9691017658777,63.67673150108497,67.86215608405516
2024-05-08,1270.8345947265625,1276.769842322241,1260.9568738532125,66.43134681433071,65.3150869971522
2024-05-09,1257.8658447265625,1272.9890428031053,1260.6758712053352,52.64446601129245,61.308456084068304
2024-05-10,1283.2115478515625,1275.0335438127968,1262.724569082265,53.26874868464168,59.79320260772069
2024-05-13,1268.22119140625,1273.6710733314874,1263.224262020809,46.98701210184817,56.6016610226396
2024-05-14,1266.593994140625,1272.2556574933149,1263.5306013044287,30.5658185024772,49.97947842291804
2024-05-15,1291.8409423828125,1276.1727144712145,1266.1042686751907,42.15975432102472,45.12515992425684
2024-05-16,1326.5557861328125,1286.2493288035341,1271.5998611713383,51.584975364173125,44.91326179483298
2024-05-17,1325.9146728515625,1294.1823976131398,1276.537571324086,54.859112184111574,45.23133449472696
2024-05-21,1325.766845703125,1300.4992872311368,1281.0129599039985,53.22804485774592,46.479541045906515
2024-05-22,1329.3170166015625,1306.262833105222,1285.4042377855953,57.23161894025907,51.81270113346288
2024-05-23,1355.1065673828125,1316.0315799607401,1291.740813203524,68.92917199976436,57.166584669210806
2024-05-24,1369.357421875,1326.6967483435924,1298.7968685372946,82.16565896339873,63.28272138905593
2024-05-27,1365.2645263671875,1334.4103039483116,1304.8393828854666,79.54346388158577,68.21959172855077
2024-05-28,1352.14794921875,1337.9578330023992,1309.1401616430378,73.40134012036519,72.25425078107462
2024-05-29,1358.114501953125,1341.9891667925444,1313.5923743985004,73.9189428786485,75.5917155687525
2024-05-30,1358.1639404296875,1345.224121519973,1317.64433494679,79.58121818273462,77.72212480534657
2024-05-31,1353.8245849609375,1346.9442142081662,1320.9334485844397,73.77164245101118,76.04332150286905
2024-06-03,1371.92138671875,1351.9396487102829,1325.5687156875588,84.19511590350311,76.97365190725252
2024-06-04,1281.7816162109375,1337.908042210414,1321.588070280593,53.16220773272728,72.92582542972494
2024-06-05,1325.81591796875,1335.4896173620812,1321.9724200704254,56.56064738314739,69.4541663306247
2024-06-06,1351.7041015625,1338.732514202165,1324.6753002060686,55.02758380689236,64.54343945545627
2024-06-07,1405.6007080078125,1352.1061529632948,1332.0321554607726,63.133954310382286,62.41590182733048
2024-06-10,1406.3897705078125,1362.9628764721983,1338.791938646867,63.260344149802705,58.228947476590406
2024-06-11,1407.5731201171875,1371.8849252011962,1345.044773325987,62.9720596686335,60.19091786377165
2024-06-12,1418.5694580078125,1381.2218317625197,1351.7288355697892,61.06241653523671,61.091271694189516
2024-06-13,1406.09375,1386.1962154100158,1356.6711005179902,56.44350160068378,61.37445525294779
2024-06-14,1407.7210693359375,1390.5011861952003,1361.3120067741672,57.511790221739965,60.25002243521933
2024-06-18,1408.6578369140625,1394.1325163389727,1365.6161731505213,60.448557900434125,59.68766518534561
2024-06-19,1373.1541748046875,1389.9368480321157,1366.3014460281727,52.50697427403454,57.59464810642582
2024-06-20,1362.108642578125,1384.3712069413177,1365.9202820781684,50.6342928366031,55.509023366699104
2024-06-21,1396.527587890625,1386.8024831311793,1368.7027644247553,56.26084345090465,55.47249173674328
2024-06-24,1400.225830078125,1389.4871525205685,1371.5684976659707,54.33274883174426,54.83668345874414
2024-06-25,1395.4427490234375,1390.6782718211425,1373.738884153013,73.55406563584279,57.45778500582587
2024-06-26,1439.3785400390625,1400.4183254647266,1379.7061255971994,73.54326364618737,61.66504288025644
2024-06-27,1455.453857421875,1411.4254318561564,1386.5922830358063,72.42115959707664,66.02241623235115
2024-06-28,1424.1414794921875,1413.9686413833626,1390.0058463500227,54.44023345093193,65.65829423235661
2024-07-01,1433.954345703125,1417.9657822473152,1394.001164473032,56.32780181823175,66.0573048296541
2024-07-02,1399.3875732421875,1414.2501404462896,1394.4908379975009,48.37063805013077,61.0206193125117
2024-07-03,1400.275146484375,1411.4551416539068,1395.0166842235803,46.20575849132651,55.55311828153951
2024-07-04,1403.4310302734375,1409.850319377813,1395.7816247735673,49.4255440516302,50.953995172450234
2024-07-05,1409.9893798828125,1409.878131478813,1397.0732388744077,50.47917094298325,50.16178267086049
2024-07-08,1415.3642578125,1410.9753567455505,1398.7360587778705,51.39062769733275,49.174347846680696
2024-07-09,1415.7586669921875,1411.9320187948779,1400.2835686155358,60.33989130872729,51.5681984984
2024-07-10,1425.127685546875,1414.5711521452772,1402.542124700203,65.41987906680001,55.411022613494694
2024-07-11,1418.12548828125,1415.282019372472,1403.9587941166617,56.10362747208469,56.74663929758559
2024-07-12,1413.490478515625,1414.9237112011026,1404.8253108802037,53.728883819312614,57.39658187285147
2024-07-15,1417.7803955078125,1415.4950480624448,1406.0030458463498,56.29689377557607,58.377835088500134
2024-07-16,1446.281982421875,1421.6524349343308,1409.6647673532157,52.131532111495645,56.73616324905381
2024-07-18,1463.1956787109375,1429.9610836896522,1414.5312138402812,52.37808120145578,54.12780367598496
2024-07-19,1441.5975341796875,1432.2883737876593,1416.991788416591,55.702345538213685,54.047547289210755
2024-07-22,1445.1971435546875,1434.870127741065,1419.5559116109632,53.82806401816835,54.067383328981904
2024-07-23,1445.4930419921875,1436.9947105912897,1421.913832554711,70.47745450129253,56.9034954741252
2024-07-24,1435.1376953125,1436.6233075355317,1423.116001896328,64.28278508157763,59.33374606814159
2024-07-25,1429.1712646484375,1435.132898958113,1423.666480328338,60.308093014524715,60.919748430755384
2024-07-26,1493.5216064453125,1446.810640455553,1430.016946338972,72.86718708228626,64.3527167395699
2024-07-29,1460.92724609375,1449.6339615831926,1432.8269735894064,60.855258948524394,65.7581557256411
2024-07-30,1450.078857421875,1449.722940750929,1434.3953266650853,57.78871613935921,63.220408053254445
2024-07-31,1470.9866943359375,1453.9756914679306,1437.721814635163,59.88942748370922,62.34173653368076
2024-08-01,1484.744384765625,1460.1294301274697,1441.9965937379322,63.95953810453424,63.07202555168267
2024-08-02,1473.2056884765625,1462.7446817972882,1444.8337841687169,62.161068332999385,60.9308018018253
2024-08-05,1445.4930419921875,1459.294353836268,1444.8937166981232,55.15218581293614,59.79018717470764
2024-08-06,1423.6484375,1452.1651705690144,1442.962327680112,45.68529312659055,57.369502572153905
2024-08-07,1429.7969970703125,1447.691535869274,1441.7654794428574,43.360592883073515,54.063735652026764
2024-08-08,1439.7637939453125,1446.1059874844818,1441.5835080339896,49.61779115754678,51.19538626262927
2024-08-09,1451.961669921875,1447.2771239719605,1442.5269772965246,51.36115127139855,49.035402850309104
2024-08-12,1446.50732421875,1447.1231640213184,1442.888827016727,50.19994215177123,48.04495411807613
2024-08-13,1447.59814453125,1447.2181601233049,1443.3169467907744,52.549406680266706,49.41777682881136
2024-08-14,1459.4986572265625,1449.6742595439564,1444.788011375846,56.05788249889787,51.95723475197623
2024-08-16,1471.25048828125,1453.9895052914153,1447.193691094519,44.36787243907906,50.90725100828268
2024-08-19,1457.4658203125,1454.6847682956322,1448.1275210234262,49.0326093483043,50.441542623663835
2024-08-20,1437.1357421875,1451.174963074006,1447.1282684019784,46.56475293306533,49.71450477992265
2024-08-21,1451.317138671875,1451.20339819358,1447.5090747901509,44.58617772381117,48.12185898863154
2024-08-22,1474.0272216796875,1455.7681628908017,1449.9198154164724,47.18876260726058,46.34803501030409
2024-08-23,1494.2581787109375,1463.4661660548288,1453.950575715969,55.281471028499894,48.530754728188256
2024-08-26,1501.0018310546875,1470.9732990548007,1458.2279625649435,65.56296331788656,51.83682552210471
2024-08-27,1510.12548828125,1478.8037369000906,1462.945919448244,76.10781885724394,57.74543870694042
2024-08-28,1543.4468994140625,1491.732369402885,1470.2641903542274,79.47534381885875,64.72327192594994
2024-08-29,1552.9178466796875,1503.9694648582456,1477.7781591110875,79.42241842288692,71.17000308907521
2024-08-30,1575.8758544921875,1518.350742785034,1486.69613141846,80.51286367421044,76.21628161821732
2024-09-02,1558.322509765625,1526.3450961811523,1493.2076203591114,75.98523704695549,78.30073636403111
2024-09-03,1547.6617431640625,1530.6084255777344,1498.1579951595613,72.26393150804735,77.53195889419179
2024-09-04,1548.950927734375,1534.2769260090627,1502.7755344845443,70.88932712804926,75.8147555560299
2024-09-05,1534.372802734375,1534.2961013541253,1505.648013416347,64.54858418742003,72.83998870893652
2024-09-06,1526.48876953125,1532.7346349895502,1507.542627608611,66.3533865030391,70.00809327470225
2024-09-09,1529.860595703125,1532.159827132265,1509.5715337990214,73.88862821265981,69.5887715078431
2024-09-10,1564.7686767578125,1538.6815970573746,1514.5894558861842,76.40814354923495,70.41761391608063
2024-09-11,1564.7191162109375,1543.8891008880873,1519.146697733889,73.60003557724073,70.95975560591891
2024-09-12,1633.097412109375,1561.7307631323451,1529.5058535862058,78.88982419278392,73.8280036069917
2024-09-13,1620.8994140625,1573.5644933183762,1537.8143590840507,74.39469089409855,75.4362644852036
2024-09-16,1621.89111328125,1583.2298173109511,1545.4577003747052,73.5183876111723,75.36221636490609
2024-09-17,1647.97314453125,1596.178482755011,1554.7772862071183,72.68621673220387,74.61783100149987
2024-09-18,1641.179931640625,1605.1787725321337,1562.632072155619,69.38154825504064,73.77413353705985
2024-09-19,1651.04736328125,1614.352490681957,1570.6698258943127,67.5138747554818,71.49894364959944
2024-09-20,1697.55859375,1630.9937112955658,1582.2051684266478,78.58312049685456,72.33662957015063
2024-09-23,1735.937744140625,1651.9825178645779,1596.1808571279184,84.70117772205076,74.57318759232632
2024-09-24,1742.0863037109375,1670.00327503385,1609.4449886354655,84.97039761748674,77.0300237693829
2024-09-25,1745.8052978515625,1685.1636795973927,1621.8413803823835,89.850500945384,81.12381430745157
2024-09-26,1756.41650390625,1699.4142444591644,1634.075482520917,92.89548045758386,86.20013544787199
2024-09-27,1720.2191162109375,1703.5752188095191,1641.9067219472824,81.63837692878582,86.81118673425823
2024-09-30,1695.3768310546875,1701.935541258553,1646.7676409570465,72.45908865733549,84.36276892131517
2024-10-01,1684.61669921875,1698.4717728505925,1650.2084644353831,69.88485743936258,81.34566088569035
2024-10-03,1659.5760498046875,1690.6926282414117,1651.0600631053198,55.12869680271282,74.40130005715612
2024-10-04,1627.2960205078125,1678.0133066946921,1648.8996955964553,51.149542539062864,66.05211247345191
2024-10-07,1648.2706298828125,1672.0647713323162,1648.842507804306,54.42302236962378,60.609041561619506
2024-10-08,1643.708740234375,1666.393565112728,1648.375801661585,49.22938051316985,55.963099932786385
2024-10-09,1664.1875,1665.9523520901826,1649.813228783259,53.96173588427439,52.77847562176875
2024-10-10,1664.1875,1665.5993816721461,1651.1199807120538,52.342229587413875,52.22118217870896
2024-10-11,1673.4105224609375,1667.1616098299046,1653.146393598316,45.03568755956919,50.998411182810216
2024-10-14,1681.54248046875,1670.0377839576736,1655.7278560410828,37.229329044402135,47.55967251776589
2024-10-15,1703.012939453125,1676.632815056764,1660.026499987632,41.44221653406682,46.00223972194528
2024-10-16,1719.574462890625,1685.2211446235365,1665.4399511606314,44.56094025976919,44.122080597044246
2024-10-17,1687.0465087890625,1685.5862174566419,1667.4041836723068,36.814327830708564,41.01650024570318
2024-10-18,1693.69091796875,1687.2071575590635,1669.7938867901653,44.31938720617227,40.873240175023795
2024-10-21,1678.517822265625,1685.4692905003758,1670.5869718333888,46.23394486156491,42.67416333845635
2024-10-22,1678.22021484375,1684.0194753690507,1671.2809030161488,48.50105326753224,44.085930685149435
2024-10-23,1671.82373046875,1681.5803263889907,1671.3302509663852,53.14491766034902,45.8027261652654
2024-10-24,1664.53466796875,1678.1711947049425,1670.7124706938728,60.96991229363473,50.63384305785063
2024-10-25,1652.1878662109375,1672.9745290061417,1669.0284157408785,51.21575503350619,52.01311662331742
2024-10-28,1649.559814453125,1668.2915860955386,1667.2585428965372,51.83800465368115,53.13392858174067
2024-10-29,1623.5274658203125,1659.3387620404935,1663.2829904350622,37.65804140923915,50.96532621008205
2024-10-30,1619.80859375,1651.432728382395,1659.330772554602,36.8266233003883,47.701667338089905
2024-10-31,1599.2305908203125,1640.9923008699786,1653.8671196696666,29.37115637649417,41.381916154661795
2024-11-01,1603.048583984375,1633.403557492858,1649.2472527891855,27.63485754274275,36.66573665650911
2024-11-04,1578.0576171875,1622.3343694317864,1642.7754677344867,15.096897559591767,29.317515237691225
2024-11-05,1565.314208984375,1610.9303373423043,1635.73353512084,5.972200156642387,22.980346987171874
2024-11-06,1585.5450439453125,1605.853278662906,1631.170945013974,18.84316138305637,19.38365460370549
2024-11-07,1562.7357177734375,1597.2297664850125,1624.9495607193799,13.431133466639295,16.195650021734515
2024-11-08,1556.8846435546875,1589.1607418989477,1618.761840977135,14.168803288179603,13.502439170821884
2024-11-11,1547.6121826171875,1580.8510300425958,1612.2936902171398,13.457225861142092,13.17450483113195
2024-11-12,1542.7528076171875,1573.2313855575144,1605.9717917989624,13.573980356423093,14.69486087108809
2024-11-13,1537.5958251953125,1566.1042734850741,1599.755794834994,13.739321946664305,13.674092983809677
2024-11-14,1537.6453857421875,1560.4124959364967,1594.1093940083754,14.807975036754783,13.949461297832775
2024-11-18,1524.25732421875,1553.1814615929475,1587.7592058456821,13.889619828523905,13.893624605901636
2024-11-19,1512.8526611328125,1545.1157015009207,1580.949519962694,15.16847025992027,14.23587348565727
2024-11-21,1512.505615234375,1538.5936842476117,1574.7273468055741,15.497380390531404,14.620553492478933
2024-11-22,1556.2896728515625,1542.132881968402,1573.0511946279366,37.985584285887974,19.46980596032367
2024-11-25,1565.6612548828125,1546.8385565512842,1572.3793819238344,39.85470233256683,24.47915141948608
2024-11-26,1564.1737060546875,1550.3055864519652,1571.6334113902756,45.6816813259494,30.837563718971175
2024-11-27,1564.5704345703125,1553.1585560756348,1570.991322588461,49.7494178581622,37.75375323861956
2024-11-28,1547.46337890625,1552.019520641758,1568.8524186173508,36.89419826765554,42.03311681404439
2024-11-29,1613.6600341796875,1564.3476233493438,1572.925838213927,63.49540116251986,47.13508018937076
2024-12-02,1629.9735107421875,1577.4728008279126,1578.1119902619505,68.35156401334874,52.83445252552715
2024-12-03,1607.11474609375,1583.4011898810802,1580.7486044284776,63.98602100865653,56.49532046206857
2024-12-04,1570.966796875,1580.9143112798643,1579.8593491963434,55.78131511292786,57.701699913021706
2024-12-05,1601.957763671875,1585.1230017582664,1581.8682959668463,61.925762803412525,62.708012820173096
2024-12-06,1584.6029052734375,1585.0189824613008,1582.1168968129,58.176495794804126,61.644231746629956
2024-12-09,1589.263916015625,1585.8679691721657,1582.7666258313295,61.67409669086248,60.30873828213271
2024-12-10,1565.5621337890625,1581.8068020955452,1581.2025811002143,59.065349218626004,59.3246039241266
2024-12-11,1572.85107421875,1580.0156565201864,1580.4433532018993,60.13659541625349,60.195659984791725
2024-12-12,1597.1976318359375,1583.4520515833367,1581.9664694413573,57.351626221366175,59.28083266838246
2024-12-13,1667.8072509765625,1600.323091461982,1589.7701768536485,65.04528076085487,60.6545896615926
2024-12-16,1648.7664794921875,1610.011769068023,1595.1334770935157,61.84722505255297,60.689215333930704
2024-12-17,1601.908203125,1608.3910558794187,1595.749361278196,54.627004481615934,59.801546386528685
2024-12-18,1588.619384765625,1604.43672165666,1595.101181595235,55.14889728228633,58.80400675973525
2024-12-19,1587.0325927734375,1600.9558958800158,1594.367673520526,46.02633130252361,56.53894777596675
2024-12-20,1565.0166015625,1593.7680370165126,1591.6993942516144,40.4685693692093,51.62360549763763
2024-12-23,1573.74365234375,1589.7631600819602,1590.067054078172,44.89144011248041,48.23244850962312
2024-12-24,1570.7685546875,1585.964239003068,1588.3126450426564,49.96622175335723,47.300291963971375
2024-12-26,1586.2392578125,1586.0192427649547,1588.1241552944605,47.172180613605576,45.70494863023522
2024-12-27,1586.5863037109375,1586.1326549541513,1587.9843506050493,50.38008013309354,46.57569839634921
2024-12-30,1573.74365234375,1583.654854432071,1586.6897416722038,47.11626569312868,47.905237661133086
2024-12-31,1574.586669921875,1581.841217530032,1585.589462422174,51.83245761842229,49.29344116232146
2025-01-01,1582.470703125,1581.9671146490257,1585.3059388497036,51.948583738361016,49.68991355932222
2025-01-02,1596.3546142578125,1584.8446145707833,1586.3103638868045,49.82167701074276,50.21981283874966
2025-01-03,1585.5946044921875,1584.9946125550641,1586.2452948509301,26.713487302968147,45.486494272724585
2025-01-06,1575.28076171875,1583.0518423878013,1585.248519111641,28.102823013323928,41.68380573676363
2025-01-07,1577.660888671875,1581.9736516446162,1584.5587345262077,40.16887243499005,39.35108870007718
2025-01-08,1585.941650390625,1582.7672513938182,1584.6844541502455,48.86834969727735,38.73504189186045
2025-01-09,1593.7266845703125,1584.9591380291172,1585.5064750975241,52.6881899645091,39.30834448261372
2025-01-10,1602.5032958984375,1588.4679696029814,1587.0516406248798,66.84493973273302,47.33463496856669
2025-01-13,1583.958251953125,1587.56602607301,1586.7704234729022,54.21784521831702,52.55763940956531
2025-01-14,1586.834228515625,1587.4196665615332,1586.7762239313313,56.6393244143108,55.85172980542946
2025-01-15,1594.123291015625,1588.7603914523515,1587.4441391208127,53.494474719623945,56.77695480989878
2025-01-16,1616.6846923828125,1594.3452516384436,1590.10237123554,61.14577758169273,58.4684723333355
2025-01-17,1614.007080078125,1598.27761732638,1592.275526584866,66.123888371802,58.3242620611493
2025-01-20,1627.5439453125,1604.130882923604,1595.4817464691962,69.25014998065339,61.33072301361657
2025-01-21,1612.6683349609375,1605.838373331071,1597.044163604809,60.445980742969056,62.09205427934821
2025-01-22,1618.2218017578125,1608.3150590164194,1598.9694034369004,58.02692849538108,62.99854503449965
2025-01-23,1622.4366455078125,1611.139376314698,1601.1027890797106,64.20648713174032,63.61068694450917
2025-01-24,1631.1636962890625,1615.144240309571,1603.8355988260155,71.81572719726046,64.74905470960087
2025-01-27,1589.3134765625,1609.9780875601568,1602.5154058929686,53.47735555157275,61.59449582378473
2025-01-28,1604.932861328125,1608.9690423137506,1602.735174568892,55.42952947056015,60.59120556930295
2025-01-29,1587.1812744140625,1604.611488733813,1601.3211836457256,48.22958007831846,58.63173588589043
2025-01-30,1627.147216796875,1609.1186343464256,1603.6690048412847,55.70344772642391,56.931128004827144
2025-01-31,1612.8170166015625,1609.858310797453,1604.5006422740373,56.81179965481573,53.9303424963382
2025-02-01,1609.7923583984375,1609.84512031765,1604.9817073762556,55.41521765044286,54.31791491611223
2025-02-03,1638.6510009765625,1615.6062964494326,1608.042552249011,59.53290288994319,55.138589599988826
2025-02-04,1647.675537109375,1622.0201445814212,1611.6455508726804,57.04303381128951,56.90128034658304
2025-02-05,1646.683837890625,1626.952883243262,1614.8308496924935,57.48352265229944,57.257295331758144
2025-02-06,1606.3212890625,1622.8265644071098,1614.057253271585,45.67150266497766,55.02923593379053
2025-02-07,1662.8487548828125,1630.8310025022504,1618.4928443271513,58.748261320358,55.695844667773564
2025-02-10,1679.013671875,1640.4675363768004,1623.9947377405922,60.220085839305575,55.833281257646036
2025-02-11,1682.6829833984375,1648.910625781128,1629.330032800396,60.1469852924245,56.45407155387304
2025-02-12,1697.3603515625,1658.6005709374026,1635.5146072333146,60.93008837464107,57.14338469834136
2025-02-13,1700.3848876953125,1666.9574342889846,1641.4119054571324,71.03682601130383,62.21644936760659
2025-02-14,1702.814697265625,1674.1288868843128,1646.9939774397226,69.51367189401239,64.36953148233746
2025-02-17,1661.65869140625,1671.6348477887002,1648.3271332548613,63.58047801972035,65.04160991842043
2025-02-18,1655.0638427734375,1668.3206467856478,1648.9395613929137,55.79576194427282,64.1713652487901
2025-02-19,1631.560302734375,1660.9685779753934,1647.359628787592,53.748508970104204,62.73504936788272
2025-02-20,1629.8743896484375,1654.7497403100024,1645.7700615931235,54.03786926013959,59.33525801764987
2025-02-21,1625.65966796875,1648.931725841752,1643.9418439909077,47.10050124480242,54.85262388780787
2025-02-24,1588.0242919921875,1636.7502390718391,1638.8584301728422,38.194327339775455,49.775393751818896
2025-02-25,1627.7918701171875,1634.9585652809087,1637.8523792586918,46.75856828510307,47.96795501998495
2025-02-27,1636.71728515625,1635.310309255977,1637.7491888857426,55.8459053495044,48.38743429586499
2025-02-28,1557.18212890625,1619.684673186032,1630.4249107057888,31.329962052601815,43.84585285435743
2025-03-03,1582.5699462890625,1612.261727806638,1626.0744593951772,33.49738466172299,41.125229537741546
2025-03-04,1562.2894287109375,1602.267267987498,1620.2758202420644,30.507399276318438,39.58784392505014
2025-03-05,1604.833740234375,1602.7805624368734,1618.8719947868199,36.25919464216308,37.487969196462146
2025-03-06,1613.412109375,1604.906871824499,1618.3756415675634,37.29357528200099,33.77750318296146
2025-03-07,1617.1805419921875,1607.3616058580367,1618.26699615162,37.53788738754582,35.01908824995026
2025-03-10,1617.428466796875,1609.3749780458045,1618.1907662102797,42.693323417243676,36.8582760010544
2025-03-11,1649.1630859375,1617.3325996241438,1621.006431640027,49.09997218309112,40.57679058240894
2025-03-12,1629.229736328125,1619.7120269649402,1621.7540047934904,49.640610352500026,43.25307372447632
2025-03-13,1618.965576171875,1619.5627368063274,1621.5005112824344,48.36114307176053,45.466587282428236
2025-03-17,1625.560546875,1620.7622988200621,1621.8696054272132,49.98521454568232,47.95605271405553
2025-03-18,1625.560546875,1621.72194843105,1622.2051455588303,56.307286617796855,50.67884535416617
2025-03-19,1623.5770263671875,1622.0929640182774,1622.3298619959537,49.18876221391228,50.6966033603304
2025-03-20,1691.1124267578125,1635.8968565661844,1628.5828224288498,58.54225782223179,52.476932854276754
2025-03-21,1711.4921875,1651.0159227529477,1636.120037435318,79.76279384716227,58.7572630093571
2025-03-24,1704.5501708984375,1661.7227723820458,1642.340958659238,75.32944999569081,63.8261100993588
2025-03-25,1716.153076171875,1672.608833140012,1649.0511511603868,83.14459071347392,69.1935709184942
2025-03-26,1724.136474609375,1682.9143614338846,1655.8770896557494,80.1957585644372,75.3949701885992
2025-03-27,1710.401123046875,1688.4117137564826,1660.8338199640334,73.92358990850107,78.47123660585305
2025-03-28,1719.0291748046875,1694.5352059661238,1666.1243067677292,74.53410304544407,77.42549844550942
2025-04-01,1709.8558349609375,1697.5993317650868,1670.0999002398391,71.34671521116802,76.62895148860486
2025-04-02,1740.0533447265625,1706.090134357382,1676.4593042840866,71.14181887567784,74.22839712104565
2025-04-03,1731.524658203125,1711.1770391265309,1681.4652455494536,75.12782808007802,73.21481102417381
2025-04-04,1728.9957275390625,1714.7407768090372,1685.7861984576,78.09560085455647,74.04921321338489
2025-04-07,1672.666748046875,1706.3259710566049,1684.593521147534,59.592061358330575,71.06080487596218
2025-04-08,1706.1368408203125,1706.2881450093464,1686.5520047541502,64.43926736272894,69.67931530627438
2025-04-09,1701.3271484375,1705.2959456949773,1687.8951996344547,63.793107182007454,68.2095729675403
2025-04-11,1742.0367431640625,1712.6441051887944,1692.8171581371464,59.9844431360723,65.18089597873914
2025-04-15,1783.886962890625,1726.8926767291607,1701.0962312965537,63.09181119966658,62.18013804776117
2025-04-16,1807.489501953125,1743.0120417739538,1710.7683468107873,67.55749269512663,63.77322431512039
2025-04-17,1873.438232421875,1769.097279903538,1725.556518229977,72.6312757317296,65.41162598892052
2025-04-21,1867.7855224609373,1788.834928415018,1738.4864277055187,70.80878501704805,66.81476155592864
2025-04-22,1836.8441162109373,1798.4367659742022,1747.4280357514658,67.44664631322003,68.30720219135819
2025-04-23,1866.0003662109373,1811.9494860215493,1758.2073385205085,69.19191661571084,69.52722327456704
2025-04-24,1830.298828125,1815.6193544422395,1764.761110302735,64.70873055507934,68.95747084655757
2025-04-25,1802.13427734375,1812.9223390225418,1768.1586709428273,57.61927577125828,65.9550708544633
2025-04-28,1806.6962890625,1811.6771290305337,1771.6620907718884,59.31662791584313,63.65663943422233
2025-04-29,1808.6796875,1811.077640724427,1775.0273268380804,59.88925002280022,62.14516017613836
2025-04-30,1849.042236328125,1818.6705598451667,1781.755954973539,72.79252021542082,62.86528089608036
2025-05-02,1832.8773193359373,1821.511911743321,1786.4033517337568,67.14515863752644,63.35256651256977
2025-05-05,1850.52978515625,1827.3154864259068,1792.2330274994379,69.50601553627864,65.72991446557384
2025-05-06,1885.2396240234373,1838.900313945413,1800.6881726379831,69.02001489021703,67.67059186044862
2025-05-07,1881.074462890625,1847.3351437344556,1807.9960172064052,64.34425343436192,68.56159254276096
2025-05-08,1859.35595703125,1849.7393063938148,1812.6651026450274,57.69796873199568,65.54268224607594
2025-05-09,1833.07568359375,1846.4065818338017,1814.5206100040023,43.20988668427256,60.75562785542517
2025-05-12,1855.2900390625,1848.1832732795415,1818.226921736593,48.008860660511395,56.45619688027172
2025-05-13,1805.506103515625,1839.6478393267585,1817.0704837165051,45.28921349329005,51.71003660088631
2025-05-14,1818.993408203125,1835.516953102032,1817.2452950334705,42.58450252093141,47.358086418200216
2025-05-15,1851.7197265625,1838.7575077941256,1820.3793342633821,53.41123631850854,46.50073993550279
2025-05-16,1798.9608154296875,1830.798169321238,1818.4321961875917,49.53134323515042,47.765031245678365
2025-05-19,1803.2252197265625,1825.283579402303,1817.0497437820436,49.48694159452093,48.06064743248027
2025-05-20,1793.9031982421875,1819.00750317028,1814.9455123693294,47.8622655404248,48.575257841907224
2025-05-21,1807.390380859375,1816.6840787080992,1814.258682232061,43.46608034523618,48.75157340676817
2025-05-22,1816.2166748046875,1816.5905979274169,1814.436681556845,47.324854447181565,47.53429703250278
2025-05-23,1816.5140380859373,1816.575285959121,1814.6255321503988,44.21583275593436,46.471194936659565
2025-05-26,1832.083984375,1819.677025642297,1816.2126641708169,40.331892093994824,44.64018503655434
2025-05-27,1828.513916015625,1821.4444037169628,1817.330959793072,40.419389779460126,43.151609884361406
2025-05-28,1840.7117919921875,1825.2978813720079,1819.4564899929917,46.479393341751454,43.754272483664465
2025-05-29,1848.149658203125,1829.8682367382314,1822.0649598302766,53.0645154886012,44.90220469194839
2025-05-30,1840.8109130859373,1832.0567720077727,1823.7691373989728,46.86691556021383,45.43242125280429
2025-06-02,1838.7283935546875,1833.3910963171556,1825.129069776765,59.05896983039541,49.1778368000844
2025-06-03,1826.0345458984373,1831.9197862334122,1825.211385787826,51.92830365040802,51.47961957427399
2025-06-04,1859.851806640625,1837.5061903148548,1828.3605149562623,52.21384335009551,52.62650957594279
2025-06-05,1863.2236328125,1842.6496788143838,1831.5298893068293,73.92915811741639,56.79943810170583
2025-06-06,1854.6949462890625,1845.0587323093196,1833.6358035779413,68.57556223632776,61.14116743692862
2025-06-09,1849.63720703125,1845.9744272537057,1835.090476619151,70.75333704848815,63.480040880547165
2025-06-10,1841.7034912109373,1845.120240045152,1835.691659763859,63.32819664202619,65.7600194788708
2025-06-11,1844.77783203125,1845.0517584423717,1836.5176754245308,61.61288881609306,67.6398285720703
2025-06-12,1828.910400390625,1841.8234868320226,1835.826104966903,54.473868547538004,63.748770658094635
2025-06-13,1825.1419677734373,1838.4871830203056,1834.8548197674968,47.26132354513375,59.48592291985583
2025-06-16,1845.8687744140625,1839.963501299057,1835.85608837173,56.03030187350744,56.541315884859685
2025-06-17,1839.422607421875,1839.8553225236208,1836.1803173762885,49.533395718074,53.78235570006925
2025-06-18,1850.4306640625,1841.9703908313966,1837.4758034386712,50.80478304537552,51.62073454592574
2025-06-19,1861.4385986328125,1845.8640323916798,1839.6542393654113,57.094170237919336,52.14479488400201
2025-06-20,1920.6435546875,1860.819936850844,1847.0169043946921,70.2252463773531,56.73757945044588
2025-06-23,1920.2469482421875,1872.7053391291126,1853.6741811081008,74.76537029906294,60.48459313555698
2025-06-24,1917.5693359375,1881.6781384907902,1859.482831547137,68.14214368154795,64.20634272825177
2025-06-25,1949.303955078125,1895.2033018082573,1867.6483882317723,72.96294511323039,68.63797514182275
2025-06-26,1997.600341796875,1915.682709805981,1879.4622021922362,81.44913925153743,73.50896894454635
2025-06-27,2010.2940673828125,1934.6049813213474,1891.3560081186522,84.20606690047669,76.30513304917108
2025-06-30,1992.939208984375,1946.271826853953,1900.5908445609905,80.95819958509932,77.54369890637835
2025-07-01,2002.657958984375,1957.5490532800375,1909.8696731449345,81.46246555401592,80.20776328087194
2025-07-02,2016.4427490234373,1969.3277924287177,1919.5581345884345,87.68438492080031,83.15205124238594
2025-07-03,2002.558837890625,1975.9740015210994,1927.1036530704519,84.25893493155051,83.71401037838855
2025-07-04,2000.4761962890625,1980.8744404746922,1933.7738842721437,82.17087028261635,83.30697105481649
2025-07-07,2017.037841796875,1988.107120739129,1941.3433349562104,85.46538099671926,84.20840733714047
2025-07-08,2013.1700439453125,1993.1197053803658,1947.8730357734014,83.44882195583489,84.60567861750425
2025-07-09,2002.9554443359373,1995.08685317148,1952.8805274609047,79.18199218864058,82.90520007107231
2025-07-10,1948.213134765625,1985.712109490309,1952.456219034061,55.791679061227434,77.21174889700771
2025-07-11,1905.96630859375,1969.7629493109976,1948.2298635394873,47.44861440005024,70.26729772049448
2025-07-14,1904.974609375,1956.8052813237982,1944.2975677063519,47.73618289577963,62.72145810030655
2025-07-15,1918.164306640625,1949.0770863871637,1941.9218167003767,44.003063633875996,54.83230643591478
2025-07-16,1920.54443359375,1943.370555828481,1939.978418236138,31.972137496144455,45.39033549741555
2025-07-17,1913.9000244140625,1937.4764495455975,1937.6076551614037,26.790870358526718,39.59017375687541
2025-07-18,1901.0,1930.181159636478,1934.279686510367,27.378190533973253,35.57608898366001
2025-07-21,1909.199951171875,1925.9849179435573,1931.999710570504,26.831323142772703,31.395117033058625
2025-07-22,1906.800048828125,1922.147944120471,1929.7088322302877,21.19298286126279,26.833100878535987
2025-07-23,1943.800048828125,1926.478365062002,1930.989851921,36.2341064432179,27.68549466795067
2025-07-24,1936.0999755859373,1928.402687166789,1931.4544086178125,35.304853853835965,29.38829136701252
2025-07-25,1937.9000244140625,1930.3021546162438,1932.0403736901987,30.62982202539561,30.038617665296993
2025-07-28,1890.300048828125,1922.30173345862,1928.2457987027374,25.228786801168525,29.718110396976158
2025-07-29,1918.300048828125,1921.501396532521,1927.3416396232271,34.07506132333488,32.29452608939057
2025-07-30,1932.5999755859373,1923.7211123432044,1927.8196701652917,46.5358387380023,34.35487254834746
2025-07-31,1914.300048828125,1921.8368996401887,1926.5906136800947,52.06889320426009,37.70768041843228
2025-08-01,1884.4000244140625,1914.3495245949634,1922.755105565001,45.53336375629196,40.68838876461155
2025-08-04,1914.5999755859373,1914.3996147931582,1922.0137301123589,49.2794217013041,45.49851574463867
2025-08-05,1931.800048828125,1917.8797016001517,1922.9033954501558,52.14683588158432,49.11287065628856
2025-08-06,1929.699951171875,1920.2437515144966,1923.5212641521302,53.0667562607244,50.41905416083297
2025-08-07,1922.5999755859373,1920.7149963287848,1923.4375106461127,54.28911474758145,50.863098469497245
2025-08-08,1858.5999755859373,1908.2919921802154,1917.5431892770057,41.775035825417184,50.111432883322294
2025-08-11,1857.4000244140625,1898.113598626985,1912.07562883492,41.93863895596426,48.643276334254324
2025-08-12,1850.300048828125,1888.550888667213,1906.4596670161204,33.09222423146474,44.8323540042304
2025-08-13,1867.4000244140625,1884.3207158165828,1902.9087904159333,37.985313984250006,41.816065548935526
2025-08-14,1873.800048828125,1882.2165824188914,1900.262541180678,38.96729732852894,38.75170206512502
2025-08-18,1892.300048828125,1884.2332757007382,1899.538678239537,50.382555613461925,40.473206022733976
2025-08-19,1909.699951171875,1889.3266107949657,1900.462430324295,48.28546563922451,41.74257135938602
2025-08-20,1928.4000244140625,1897.1412935187852,1903.002211605183,49.17712539665688,44.959551592424454
2025-08-21,1929.9000244140625,1903.693039697841,1905.447467315081,53.271806625078796,48.016850120590206
2025-08-22,1933.300048828125,1909.614441523898,1907.9795201799031,61.53846596980791,52.531083848846
2025-08-25,1930.699951171875,1913.8315434534936,1910.045013906446,54.36786778532341,53.3281462832183
2025-08-26,1904.699951171875,1912.00522499717,1909.559099112394,42.98288867142557,52.26763088965852
2025-08-28,1881.0999755859373,1905.8241751149235,1906.9719060645343,38.67661204218646,50.16752821876443
2025-08-29,1888.800048828125,1902.419349857564,1905.3199190430423,42.146859838710746,47.942538861490824
2025-09-01,1900.5999755859373,1902.0554750032388,1904.8908332742146,62.88343558282209,48.21153278409365
2025-09-02,1887.199951171875,1899.0843702369662,1903.282571264911,58.504541752279586,49.03886757748489
2025-09-03,1883.9000244140625,1896.0475010723856,1901.5205215511974,59.80162508751101,52.40261486070197
2025-09-04,1880.4000244140625,1892.9180057407211,1899.6004763569124,54.11913687497002,55.49111982725869
2025-09-05,1895.300048828125,1893.3944143582019,1899.2095283997498,56.46421938884117,58.35459173728477
2025-09-08,1887.699951171875,1892.2555217209365,1898.1632031972158,48.51991849418478,55.481888319557314
2025-09-09,1893.699951171875,1892.5444076111244,1897.757453013094,44.44445386343407,52.669870741788216
2025-09-10,1891.4000244140625,1892.3155309717122,1897.1795049586365,35.50157849421218,47.80986142312845
2025-09-11,1913.0,1896.4524247773697,1898.6177317805787,44.278938377250796,45.8418217235846
2025-09-12,1902.5999755859373,1897.6819349390835,1898.9797539447022,40.0775505147545,42.564487948767265
2025-09-15,1904.5,1899.045547951267,1899.4815944951838,41.49352234679385,41.15920871928908
2025-09-16,1939.5,1907.136438361014,1903.119631359258,60.67486160371929,44.405290267346125
2025-09-17,1941.300048828125,1913.9691604544362,1906.5905784018823,71.31729533133174,51.56843363477003
2025-09-18,1941.0999755859373,1919.3953234807364,1909.7277963277056,69.55867543283796,56.62438104588746
2025-09-19,1962.4000244140625,1927.9962636674018,1914.5161806991925,71.57819990861785,62.92451092466014
2025-09-22,1956.199951171875,1933.6370011682966,1918.3056143785273,75.36760152013152,69.69932675932768
2025-09-23,1938.699951171875,1934.6495911690124,1920.1596449961041,68.24228061321092,71.21281056122601
2025-09-24,1931.0999755859373,1933.9396680523973,1921.1542205042708,66.4289873325589,70.23514896147144
2025-09-25,1935.5999755859373,1934.2717295591056,1922.4674709662404,64.00272812642336,69.12395950018852
2025-09-26,1916.5999755859373,1930.7373787644722,1921.9340622953039,59.304569417686594,66.66923340200226
2025-09-29,1902.199951171875,1925.029893245953,1920.140052193174,52.596209486425366,62.11495499526103
2025-09-30,1878.4000244140625,1915.703919479575,1916.3455042132546,46.49028447889479,57.764555768397805
2025-10-01,1867.5999755859373,1906.0831307008475,1911.9140925198622,36.983957997797994,51.875549901445616
2025-10-03,1896.699951171875,1904.206494795053,1910.5309887609542,48.4722895648651,48.76946218913397
2025-10-06,1903.0999755859373,1903.98519095323,1909.8554421086799,49.64574320413204,46.83769694642306
2025-10-07,1929.0,1908.988152762584,1911.5958564624361,47.21485771865453,45.76142659286889
2025-10-08,1943.5,1915.8905222100673,1914.4962331476693,50.54670701697334,46.5727111004846
2025-10-09,1942.0,1921.112417768054,1916.9965755887902,50.22222811642312,49.22036512420963
2025-10-10,1939.9000244140625,1924.8699390972556,1919.0787073001786,43.862522093188986,48.2984116298744
2025-10-13,1954.9000244140625,1930.875956160617,1922.335190674168,49.66165358588737,48.30159370622547
2025-10-14,1946.5999755859373,1934.0207600456813,1924.5410802116016,52.15965646789024,49.29055345607261
2025-10-15,1968.5,1940.916608036545,1928.5373456469106,59.482761288868915,51.07776431045173
2025-10-16,1967.4000244140625,1946.2132913120486,1932.0703164439244,58.204344895786775,52.674187666324464
2025-10-17,2012.0,1959.370633049639,1939.3366513126587,71.74111526852404,58.24990630139147
